strategy,avg_lik,avg_imp,avg_risk,avg_len
0,0.8565932116521112,0.8354018969331606,0.7254501541500514,2.5834829584212136
18 app_app12 app_app11 ,0.8434005462703705,0.8372043861454315,0.7151535698856776,2.5631403286390437
19 app_app12 app_app11 ,0.8434005462703705,0.8372043861454315,0.7151535698856776,2.5631403286390437
20 printing_source ,0.8434005462703705,0.8372043861454315,0.7151535698856776,2.5631403286390437
21 printing_source ,0.8434005462703705,0.8372043861454315,0.7151535698856776,2.5631403286390437
22 printing_source ,0.8434005462703705,0.8372043861454315,0.7151535698856776,2.5631403286390437
24 printing_source ,0.8434005462703705,0.8372043861454315,0.7151535698856776,2.5631403286390437
18 app_app2 app_app1 ,0.8516194959741615,0.8411076961016167,0.7250723819828032,2.5518533902998657
19 app_app2 app_app1 ,0.8516194959741615,0.8411076961016167,0.7250723819828032,2.5518533902998657
20 energymanagement_source ,0.8516194959741615,0.8411076961016167,0.7250723819828032,2.5518533902998657
21 energymanagement_source ,0.8516194959741615,0.8411076961016167,0.7250723819828032,2.5518533902998657
22 energymanagement_source ,0.8516194959741615,0.8411076961016167,0.7250723819828032,2.5518533902998657
24 energymanagement_source ,0.8516194959741615,0.8411076961016167,0.7250723819828032,2.5518533902998657
18 app_app12 app_app11 ,0.8575695570815632,0.8319423240998683,0.7244239659047811,2.6242523768366466
19 app_app12 app_app11 ,0.8575695570815632,0.8319423240998683,0.7244239659047811,2.6242523768366466
20 occupancymanagement_source ,0.8575695570815632,0.8319423240998683,0.7244239659047811,2.6242523768366466
21 occupancymanagement_source ,0.8575695570815632,0.8319423240998683,0.7244239659047811,2.6242523768366466
22 occupancymanagement_source ,0.8575695570815632,0.8319423240998683,0.7244239659047811,2.6242523768366466
24 occupancymanagement_source ,0.8575695570815632,0.8319423240998683,0.7244239659047811,2.6242523768366466
18 app_app38 app_app36 ,0.6182092938980993,0.7611367787640407,0.46397405121237956,1.912810507803913
19 app_app38 app_app36 ,0.6182092938980993,0.7611367787640407,0.46397405121237956,1.912810507803913
20 videosurveillance_source ,0.6182092938980993,0.7611367787640407,0.46397405121237956,1.912810507803913
21 videosurveillance_source ,0.6182092938980993,0.7611367787640407,0.46397405121237956,1.912810507803913
22 videosurveillance_source ,0.6182092938980993,0.7611367787640407,0.46397405121237956,1.912810507803913
24 videosurveillance_source ,0.6182092938980993,0.7611367787640407,0.46397405121237956,1.912810507803913
18 app_app22 app_app21 app_app23 ,0.9098872401790458,0.8503290999730826,0.7817629517371725,2.713688122255122
19 app_app22 app_app21 app_app23 ,0.9098872401790458,0.8503290999730826,0.7817629517371725,2.713688122255122
20 firedetection_source ,0.9098872401790458,0.8503290999730826,0.7817629517371725,2.713688122255122
21 firedetection_source ,0.9098872401790458,0.8503290999730826,0.7817629517371725,2.713688122255122
22 firedetection_source ,0.9098872401790458,0.8503290999730826,0.7817629517371725,2.713688122255122
24 firedetection_source ,0.9098872401790458,0.8503290999730826,0.7817629517371725,2.713688122255122
18 app_app22 app_app21 app_app23 ,0.64512753175732,0.8024556713091214,0.5152678845152668,1.9343002426903964
19 app_app22 app_app21 app_app23 ,0.64512753175732,0.8024556713091214,0.5152678845152668,1.9343002426903964
20 intrusiondetection_source ,0.64512753175732,0.8024556713091214,0.5152678845152668,1.9343002426903964
21 intrusiondetection_source ,0.64512753175732,0.8024556713091214,0.5152678845152668,1.9343002426903964
22 intrusiondetection_source ,0.64512753175732,0.8024556713091214,0.5152678845152668,1.9343002426903964
24 intrusiondetection_source ,0.64512753175732,0.8024556713091214,0.5152678845152668,1.9343002426903964
18 app_app2 app_app1 ,0.8620092110924867,0.8329357961135114,0.7289527874960223,2.6099030673649284
19 app_app2 app_app1 ,0.8620092110924867,0.8329357961135114,0.7289527874960223,2.6099030673649284
20 amazonecho_source ,0.8620092110924867,0.8329357961135114,0.7289527874960223,2.6099030673649284
21 amazonecho_source ,0.8620092110924867,0.8329357961135114,0.7289527874960223,2.6099030673649284
22 amazonecho_source ,0.8620092110924867,0.8329357961135114,0.7289527874960223,2.6099030673649284
24 amazonecho_source ,0.8620092110924867,0.8329357961135114,0.7289527874960223,2.6099030673649284
18 app_app2 app_app1 ,0.8257606363778023,0.8738649786342296,0.7260603352631574,2.4023166385293564
19 app_app2 app_app1 ,0.8257606363778023,0.8738649786342296,0.7260603352631574,2.4023166385293564
20 smartthings_source ,0.8257606363778023,0.8738649786342296,0.7260603352631574,2.4023166385293564
21 smartthings_source ,0.8257606363778023,0.8738649786342296,0.7260603352631574,2.4023166385293564
22 smartthings_source ,0.8257606363778023,0.8738649786342296,0.7260603352631574,2.4023166385293564
24 smartthings_source ,0.8257606363778023,0.8738649786342296,0.7260603352631574,2.4023166385293564
18 app_app12 app_app11 ,0.8579394340024661,0.8337797864256226,0.7257814689183666,2.5957431457431457
19 app_app12 app_app11 ,0.8579394340024661,0.8337797864256226,0.7257814689183666,2.5957431457431457
20 bms_source ,0.8579394340024661,0.8337797864256226,0.7257814689183666,2.5957431457431457
21 bms_source ,0.8579394340024661,0.8337797864256226,0.7257814689183666,2.5957431457431457
22 bms_source ,0.8579394340024661,0.8337797864256226,0.7257814689183666,2.5957431457431457
24 bms_source ,0.8579394340024661,0.8337797864256226,0.7257814689183666,2.5957431457431457
2 app_app12,0.8566512166278721,0.8353179844633165,0.7254474882256694,2.584386214261596
9 app_app12,0.8566512166278721,0.8353179844633165,0.7254474882256694,2.584386214261596
2 app_app11,0.8566512166278721,0.8353179844633165,0.7254474882256694,2.584386214261596
9 app_app11,0.8566512166278721,0.8353179844633165,0.7254474882256694,2.584386214261596
2 app_app12,0.8566512166278721,0.8353179844633165,0.7254474882256694,2.584386214261596
9 app_app12,0.8566512166278721,0.8353179844633165,0.7254474882256694,2.584386214261596
2 app_app11,0.8566512166278721,0.8353179844633165,0.7254474882256694,2.584386214261596
9 app_app11,0.8566512166278721,0.8353179844633165,0.7254474882256694,2.584386214261596
2 app_app12,0.8568691629388384,0.8355717801073257,0.7257990897326472,2.584386214261596
9 app_app12,0.8568691629388384,0.8355717801073257,0.7257990897326472,2.584386214261596
2 app_app11,0.8568691629388384,0.8355717801073257,0.7257990897326472,2.584386214261596
9 app_app11,0.8568691629388384,0.8355717801073257,0.7257990897326472,2.584386214261596
2 app_app12,0.8568691629388384,0.8355717801073257,0.7257990897326472,2.584386214261596
9 app_app12,0.8568691629388384,0.8355717801073257,0.7257990897326472,2.584386214261596
2 app_app11,0.8568691629388384,0.8355717801073257,0.7257990897326472,2.584386214261596
9 app_app11,0.8568691629388384,0.8355717801073257,0.7257990897326472,2.584386214261596
2 app_app12,0.8568691629388384,0.8355717801073257,0.7257990897326472,2.584386214261596
9 app_app12,0.8568691629388384,0.8355717801073257,0.7257990897326472,2.584386214261596
2 app_app11,0.8568691629388384,0.8355717801073257,0.7257990897326472,2.584386214261596
9 app_app11,0.8568691629388384,0.8355717801073257,0.7257990897326472,2.584386214261596
2 app_app12,0.8564401340511955,0.8353914408952642,0.7253186430353142,2.584001695101471
9 app_app12,0.8564401340511955,0.8353914408952642,0.7253186430353142,2.584001695101471
2 app_app11,0.8564401340511955,0.8353914408952642,0.7253186430353142,2.584001695101471
9 app_app11,0.8564401340511955,0.8353914408952642,0.7253186430353142,2.584001695101471
2 app_app12,0.8564189476600812,0.8355717801073257,0.7254874707625466,2.584386214261596
9 app_app12,0.8564189476600812,0.8355717801073257,0.7254874707625466,2.584386214261596
2 app_app11,0.8564189476600812,0.8355717801073257,0.7254874707625466,2.584386214261596
9 app_app11,0.8564189476600812,0.8355717801073257,0.7254874707625466,2.584386214261596
2 app_app12,0.8564189476600812,0.8355717801073257,0.7254874707625466,2.584386214261596
9 app_app12,0.8564189476600812,0.8355717801073257,0.7254874707625466,2.584386214261596
2 app_app11,0.8564189476600812,0.8355717801073257,0.7254874707625466,2.584386214261596
9 app_app11,0.8564189476600812,0.8355717801073257,0.7254874707625466,2.584386214261596
2 app_app12,0.8564189476600812,0.8355717801073257,0.7254874707625466,2.584386214261596
9 app_app12,0.8564189476600812,0.8355717801073257,0.7254874707625466,2.584386214261596
2 app_app11,0.8564189476600812,0.8355717801073257,0.7254874707625466,2.584386214261596
9 app_app11,0.8564189476600812,0.8355717801073257,0.7254874707625466,2.584386214261596
2 app_app12,0.8564189476600812,0.8355717801073257,0.7254874707625466,2.584386214261596
9 app_app12,0.8564189476600812,0.8355717801073257,0.7254874707625466,2.584386214261596
2 app_app11,0.8564189476600812,0.8355717801073257,0.7254874707625466,2.584386214261596
9 app_app11,0.8564189476600812,0.8355717801073257,0.7254874707625466,2.584386214261596
2 app_app12,0.8564189476600812,0.8355717801073257,0.7254874707625466,2.584386214261596
9 app_app12,0.8564189476600812,0.8355717801073257,0.7254874707625466,2.584386214261596
2 app_app11,0.8564189476600812,0.8355717801073257,0.7254874707625466,2.584386214261596
9 app_app11,0.8564189476600812,0.8355717801073257,0.7254874707625466,2.584386214261596
2 app_app12,0.8564189476600812,0.8355717801073257,0.7254874707625466,2.584386214261596
9 app_app12,0.8564189476600812,0.8355717801073257,0.7254874707625466,2.584386214261596
2 app_app11,0.8564189476600812,0.8355717801073257,0.7254874707625466,2.584386214261596
9 app_app11,0.8564189476600812,0.8355717801073257,0.7254874707625466,2.584386214261596
2 app_app12,0.8564189476600812,0.8355717801073257,0.7254874707625466,2.584386214261596
9 app_app12,0.8564189476600812,0.8355717801073257,0.7254874707625466,2.584386214261596
2 app_app11,0.8564189476600812,0.8355717801073257,0.7254874707625466,2.584386214261596
9 app_app11,0.8564189476600812,0.8355717801073257,0.7254874707625466,2.584386214261596
2 app_app12,0.8567101812911918,0.8355012079934058,0.7256408197443956,2.584386214261596
9 app_app12,0.8567101812911918,0.8355012079934058,0.7256408197443956,2.584386214261596
2 app_app11,0.8567101812911918,0.8355012079934058,0.7256408197443956,2.584386214261596
9 app_app11,0.8567101812911918,0.8355012079934058,0.7256408197443956,2.584386214261596
2 app_app12,0.8564189476600812,0.8355717801073257,0.7254874707625466,2.584386214261596
9 app_app12,0.8564189476600812,0.8355717801073257,0.7254874707625466,2.584386214261596
2 app_app11,0.8564189476600812,0.8355717801073257,0.7254874707625466,2.584386214261596
9 app_app11,0.8564189476600812,0.8355717801073257,0.7254874707625466,2.584386214261596
2 app_app12,0.8567101812911918,0.8353179844633165,0.7254982210497259,2.584386214261596
9 app_app12,0.8567101812911918,0.8353179844633165,0.7254982210497259,2.584386214261596
2 app_app11,0.8567101812911918,0.8353179844633165,0.7254982210497259,2.584386214261596
9 app_app11,0.8567101812911918,0.8353179844633165,0.7254982210497259,2.584386214261596
2 app_app12,0.8567101812911918,0.8353179844633165,0.7254982210497259,2.584386214261596
9 app_app12,0.8567101812911918,0.8353179844633165,0.7254982210497259,2.584386214261596
2 app_app11,0.8567101812911918,0.8353179844633165,0.7254982210497259,2.584386214261596
9 app_app11,0.8567101812911918,0.8353179844633165,0.7254982210497259,2.584386214261596
2 app_app12,0.8567101812911918,0.8353179844633165,0.7254982210497259,2.584386214261596
9 app_app12,0.8567101812911918,0.8353179844633165,0.7254982210497259,2.584386214261596
2 app_app11,0.8567101812911918,0.8353179844633165,0.7254982210497259,2.584386214261596
9 app_app11,0.8567101812911918,0.8353179844633165,0.7254982210497259,2.584386214261596
2 app_app12,0.8566043787560345,0.8353915718814129,0.7254530947991746,2.583550924074553
9 app_app12,0.8566043787560345,0.8353915718814129,0.7254530947991746,2.583550924074553
2 app_app11,0.8566043787560345,0.8353915718814129,0.7254530947991746,2.583550924074553
9 app_app11,0.8566043787560345,0.8353915718814129,0.7254530947991746,2.583550924074553
2 app_app12,0.8567576324462293,0.8353179844633165,0.7255386330558777,2.584386214261596
9 app_app12,0.8567576324462293,0.8353179844633165,0.7255386330558777,2.584386214261596
2 app_app11,0.8567576324462293,0.8353179844633165,0.7255386330558777,2.584386214261596
9 app_app11,0.8567576324462293,0.8353179844633165,0.7255386330558777,2.584386214261596
2 app_app12,0.8566030345661273,0.8353915718814129,0.7254517506092674,2.583550924074553
9 app_app12,0.8566030345661273,0.8353915718814129,0.7254517506092674,2.583550924074553
2 app_app11,0.8566030345661273,0.8353915718814129,0.7254517506092674,2.583550924074553
9 app_app11,0.8566030345661273,0.8353915718814129,0.7254517506092674,2.583550924074553
2 app_app12,0.8565546078574615,0.8355717801073257,0.7255854848939037,2.584386214261596
9 app_app12,0.8565546078574615,0.8355717801073257,0.7255854848939037,2.584386214261596
2 app_app11,0.8565546078574615,0.8355717801073257,0.7255854848939037,2.584386214261596
9 app_app11,0.8565546078574615,0.8355717801073257,0.7255854848939037,2.584386214261596
2 app_app12,0.8564189476600812,0.8355717801073257,0.7254874707625466,2.584386214261596
9 app_app12,0.8564189476600812,0.8355717801073257,0.7254874707625466,2.584386214261596
2 app_app11,0.8564189476600812,0.8355717801073257,0.7254874707625466,2.584386214261596
9 app_app11,0.8564189476600812,0.8355717801073257,0.7254874707625466,2.584386214261596
2 app_app12,0.8564189476600812,0.8355717801073257,0.7254874707625466,2.584386214261596
9 app_app12,0.8564189476600812,0.8355717801073257,0.7254874707625466,2.584386214261596
2 app_app11,0.8564189476600812,0.8355717801073257,0.7254874707625466,2.584386214261596
9 app_app11,0.8564189476600812,0.8355717801073257,0.7254874707625466,2.584386214261596
2 app_app12,0.8567101812911918,0.8355717801073257,0.7256940001689486,2.584386214261596
9 app_app12,0.8567101812911918,0.8355717801073257,0.7256940001689486,2.584386214261596
2 app_app11,0.8567101812911918,0.8355717801073257,0.7256940001689486,2.584386214261596
9 app_app11,0.8567101812911918,0.8355717801073257,0.7256940001689486,2.584386214261596
2 app_app12,0.8564189476600812,0.8355717801073257,0.7254874707625466,2.584386214261596
9 app_app12,0.8564189476600812,0.8355717801073257,0.7254874707625466,2.584386214261596
2 app_app11,0.8564189476600812,0.8355717801073257,0.7254874707625466,2.584386214261596
9 app_app11,0.8564189476600812,0.8355717801073257,0.7254874707625466,2.584386214261596
2 app_app12,0.856731287703995,0.8355343937951311,0.7256641214097669,2.5838576561592896
9 app_app12,0.856731287703995,0.8355343937951311,0.7256641214097669,2.5838576561592896
2 app_app11,0.856731287703995,0.8355343937951311,0.7256641214097669,2.5838576561592896
9 app_app11,0.856731287703995,0.8355343937951311,0.7256641214097669,2.5838576561592896
2 app_app12,0.856731287703995,0.8353098481277996,0.7255158660843919,2.5838576561592896
9 app_app12,0.856731287703995,0.8353098481277996,0.7255158660843919,2.5838576561592896
2 app_app11,0.856731287703995,0.8353098481277996,0.7255158660843919,2.5838576561592896
9 app_app11,0.856731287703995,0.8353098481277996,0.7255158660843919,2.5838576561592896
2 app_app12,0.856731287703995,0.8353098481277996,0.7255158660843919,2.5838576561592896
9 app_app12,0.856731287703995,0.8353098481277996,0.7255158660843919,2.5838576561592896
2 app_app11,0.856731287703995,0.8353098481277996,0.7255158660843919,2.5838576561592896
9 app_app11,0.856731287703995,0.8353098481277996,0.7255158660843919,2.5838576561592896
2 app_app12,0.8564976091828702,0.8357491790202721,0.725628510873982,2.582919281557832
9 app_app12,0.8564976091828702,0.8357491790202721,0.725628510873982,2.582919281557832
2 app_app11,0.8564976091828702,0.8357491790202721,0.725628510873982,2.582919281557832
9 app_app11,0.8564976091828702,0.8357491790202721,0.725628510873982,2.582919281557832
2 app_app12,0.8566417112779838,0.8353050486933946,0.7254214902239756,2.5838576561592896
9 app_app12,0.8566417112779838,0.8353050486933946,0.7254214902239756,2.5838576561592896
2 app_app11,0.8566417112779838,0.8353050486933946,0.7254214902239756,2.5838576561592896
9 app_app11,0.8566417112779838,0.8353050486933946,0.7254214902239756,2.5838576561592896
2 app_app12,0.8548301067315538,0.8338929078314044,0.7225893708901658,2.581632167121722
9 app_app12,0.8548301067315538,0.8338929078314044,0.7225893708901658,2.581632167121722
2 app_app11,0.8548301067315538,0.8338929078314044,0.7225893708901658,2.581632167121722
9 app_app11,0.8548301067315538,0.8338929078314044,0.7225893708901658,2.581632167121722
2 app_app12,0.8548301067315538,0.8338929078314044,0.7225893708901658,2.581632167121722
9 app_app12,0.8548301067315538,0.8338929078314044,0.7225893708901658,2.581632167121722
2 app_app11,0.8548301067315538,0.8338929078314044,0.7225893708901658,2.581632167121722
9 app_app11,0.8548301067315538,0.8338929078314044,0.7225893708901658,2.581632167121722
2 app_app38,0.8568286266644811,0.834729332866819,0.7251514520479547,2.5822710057401124
9 app_app38,0.8568286266644811,0.834729332866819,0.7251514520479547,2.5822710057401124
2 app_app36,0.8568286266644811,0.834729332866819,0.7251514520479547,2.5822710057401124
9 app_app36,0.8568286266644811,0.834729332866819,0.7251514520479547,2.5822710057401124
"14 <videosurveillance_source, 7155046.185>",0.8568286266644811,0.8362654217716347,0.7264454768717012,2.5822710057401124
2 app_app38,0.8568286266644811,0.8362654217716347,0.7264454768717012,2.5822710057401124
9 app_app38,0.8568286266644811,0.8362654217716347,0.7264454768717012,2.5822710057401124
2 app_app36,0.8568286266644811,0.8362654217716347,0.7264454768717012,2.5822710057401124
9 app_app36,0.8568286266644811,0.8362654217716347,0.7264454768717012,2.5822710057401124
2 app_app38,0.8193880977325894,0.8042077449787663,0.665758093209306,2.486908716975162
9 app_app38,0.8193880977325894,0.8042077449787663,0.665758093209306,2.486908716975162
2 app_app36,0.8193880977325894,0.8042077449787663,0.665758093209306,2.486908716975162
9 app_app36,0.8193880977325894,0.8042077449787663,0.665758093209306,2.486908716975162
2 app_app38,0.8568286266644811,0.8372197240431637,0.7272197666592302,2.5822710057401124
9 app_app38,0.8568286266644811,0.8372197240431637,0.7272197666592302,2.5822710057401124
2 app_app36,0.8568286266644811,0.8372197240431637,0.7272197666592302,2.5822710057401124
9 app_app36,0.8568286266644811,0.8372197240431637,0.7272197666592302,2.5822710057401124
"14 <videosurveillance_source, 7155046.185>",0.8568286266644811,0.834729332866819,0.7251514520479547,2.5822710057401124
2 app_app38,0.8568286266644811,0.834729332866819,0.7251514520479547,2.5822710057401124
9 app_app38,0.8568286266644811,0.834729332866819,0.7251514520479547,2.5822710057401124
2 app_app36,0.8568286266644811,0.834729332866819,0.7251514520479547,2.5822710057401124
9 app_app36,0.8568286266644811,0.834729332866819,0.7251514520479547,2.5822710057401124
2 app_app38,0.8193880977325894,0.8042077449787663,0.665758093209306,2.486908716975162
9 app_app38,0.8193880977325894,0.8042077449787663,0.665758093209306,2.486908716975162
2 app_app36,0.8193880977325894,0.8042077449787663,0.665758093209306,2.486908716975162
9 app_app36,0.8193880977325894,0.8042077449787663,0.665758093209306,2.486908716975162
2 app_app38,0.8193880977325894,0.8574429726380545,0.7189588595548609,2.486908716975162
9 app_app38,0.8193880977325894,0.8574429726380545,0.7189588595548609,2.486908716975162
2 app_app36,0.8193880977325894,0.8574429726380545,0.7189588595548609,2.486908716975162
9 app_app36,0.8193880977325894,0.8574429726380545,0.7189588595548609,2.486908716975162
2 app_app38,0.8560483397133669,0.834729332866819,0.7243749668249365,2.5822710057401124
9 app_app38,0.8560483397133669,0.834729332866819,0.7243749668249365,2.5822710057401124
2 app_app36,0.8560483397133669,0.834729332866819,0.7243749668249365,2.5822710057401124
9 app_app36,0.8560483397133669,0.834729332866819,0.7243749668249365,2.5822710057401124
2 app_app22,0.8586024080932508,0.8349726712146636,0.7270024879104254,2.586648174998424
9 app_app22,0.8586024080932508,0.8349726712146636,0.7270024879104254,2.586648174998424
2 app_app21,0.8586024080932508,0.8349726712146636,0.7270024879104254,2.586648174998424
9 app_app21,0.8586024080932508,0.8349726712146636,0.7270024879104254,2.586648174998424
2 app_app23,0.8586024080932508,0.8349726712146636,0.7270024879104254,2.586648174998424
9 app_app23,0.8586024080932508,0.8349726712146636,0.7270024879104254,2.586648174998424
2 app_app22,0.8578758254658889,0.8355807920112439,0.7265530754661682,2.5854525913164426
9 app_app22,0.8578758254658889,0.8355807920112439,0.7265530754661682,2.5854525913164426
2 app_app21,0.8578758254658889,0.8355807920112439,0.7265530754661682,2.5854525913164426
9 app_app21,0.8578758254658889,0.8355807920112439,0.7265530754661682,2.5854525913164426
2 app_app23,0.8578758254658889,0.8355807920112439,0.7265530754661682,2.5854525913164426
9 app_app23,0.8578758254658889,0.8355807920112439,0.7265530754661682,2.5854525913164426
2 app_app22,0.8579748424549728,0.8355807920112439,0.7266248590142421,2.5854525913164426
9 app_app22,0.8579748424549728,0.8355807920112439,0.7266248590142421,2.5854525913164426
2 app_app21,0.8579748424549728,0.8355807920112439,0.7266248590142421,2.5854525913164426
9 app_app21,0.8579748424549728,0.8355807920112439,0.7266248590142421,2.5854525913164426
2 app_app23,0.8579748424549728,0.8355807920112439,0.7266248590142421,2.5854525913164426
9 app_app23,0.8579748424549728,0.8355807920112439,0.7266248590142421,2.5854525913164426
2 app_app22,0.8586024080932508,0.8361479242961178,0.7275557703190484,2.586648174998424
9 app_app22,0.8586024080932508,0.8361479242961178,0.7275557703190484,2.586648174998424
2 app_app21,0.8586024080932508,0.8361479242961178,0.7275557703190484,2.586648174998424
9 app_app21,0.8586024080932508,0.8361479242961178,0.7275557703190484,2.586648174998424
2 app_app23,0.8586024080932508,0.8361479242961178,0.7275557703190484,2.586648174998424
9 app_app23,0.8586024080932508,0.8361479242961178,0.7275557703190484,2.586648174998424
2 app_app22,0.8586024080932508,0.8361479242961178,0.7275557703190484,2.586648174998424
9 app_app22,0.8586024080932508,0.8361479242961178,0.7275557703190484,2.586648174998424
2 app_app21,0.8586024080932508,0.8361479242961178,0.7275557703190484,2.586648174998424
9 app_app21,0.8586024080932508,0.8361479242961178,0.7275557703190484,2.586648174998424
2 app_app23,0.8586024080932508,0.8361479242961178,0.7275557703190484,2.586648174998424
9 app_app23,0.8586024080932508,0.8361479242961178,0.7275557703190484,2.586648174998424
2 app_app22,0.8579748424549728,0.8352698437809349,0.7265508360414304,2.5854525913164426
9 app_app22,0.8579748424549728,0.8352698437809349,0.7265508360414304,2.5854525913164426
2 app_app21,0.8579748424549728,0.8352698437809349,0.7265508360414304,2.5854525913164426
9 app_app21,0.8579748424549728,0.8352698437809349,0.7265508360414304,2.5854525913164426
2 app_app23,0.8579748424549728,0.8352698437809349,0.7265508360414304,2.5854525913164426
9 app_app23,0.8579748424549728,0.8352698437809349,0.7265508360414304,2.5854525913164426
2 app_app22,0.8586024080932508,0.8345756897871796,0.7268010724626152,2.586648174998424
9 app_app22,0.8586024080932508,0.8345756897871796,0.7268010724626152,2.586648174998424
2 app_app21,0.8586024080932508,0.8345756897871796,0.7268010724626152,2.586648174998424
9 app_app21,0.8586024080932508,0.8345756897871796,0.7268010724626152,2.586648174998424
2 app_app23,0.8586024080932508,0.8345756897871796,0.7268010724626152,2.586648174998424
9 app_app23,0.8586024080932508,0.8345756897871796,0.7268010724626152,2.586648174998424
2 app_app22,0.8586024080932508,0.8361479242961178,0.7275557703190484,2.586648174998424
9 app_app22,0.8586024080932508,0.8361479242961178,0.7275557703190484,2.586648174998424
2 app_app21,0.8586024080932508,0.8361479242961178,0.7275557703190484,2.586648174998424
9 app_app21,0.8586024080932508,0.8361479242961178,0.7275557703190484,2.586648174998424
2 app_app23,0.8586024080932508,0.8361479242961178,0.7275557703190484,2.586648174998424
9 app_app23,0.8586024080932508,0.8361479242961178,0.7275557703190484,2.586648174998424
2 app_app22,0.8586792469855687,0.8349726712146636,0.7270733346693223,2.586648174998424
9 app_app22,0.8586792469855687,0.8349726712146636,0.7270733346693223,2.586648174998424
2 app_app21,0.8586792469855687,0.8349726712146636,0.7270733346693223,2.586648174998424
9 app_app21,0.8586792469855687,0.8349726712146636,0.7270733346693223,2.586648174998424
2 app_app23,0.8586792469855687,0.8349726712146636,0.7270733346693223,2.586648174998424
9 app_app23,0.8586792469855687,0.8349726712146636,0.7270733346693223,2.586648174998424
2 app_app22,0.8579748424549728,0.8368265132746862,0.7278769305812391,2.5854525913164426
9 app_app22,0.8579748424549728,0.8368265132746862,0.7278769305812391,2.5854525913164426
2 app_app21,0.8579748424549728,0.8368265132746862,0.7278769305812391,2.5854525913164426
9 app_app21,0.8579748424549728,0.8368265132746862,0.7278769305812391,2.5854525913164426
2 app_app23,0.8579748424549728,0.8368265132746862,0.7278769305812391,2.5854525913164426
9 app_app23,0.8579748424549728,0.8368265132746862,0.7278769305812391,2.5854525913164426
2 app_app22,0.8578758254658889,0.8355807920112439,0.7265530754661682,2.5854525913164426
9 app_app22,0.8578758254658889,0.8355807920112439,0.7265530754661682,2.5854525913164426
2 app_app21,0.8578758254658889,0.8355807920112439,0.7265530754661682,2.5854525913164426
9 app_app21,0.8578758254658889,0.8355807920112439,0.7265530754661682,2.5854525913164426
2 app_app23,0.8578758254658889,0.8355807920112439,0.7265530754661682,2.5854525913164426
9 app_app23,0.8578758254658889,0.8355807920112439,0.7265530754661682,2.5854525913164426
2 app_app22,0.8578758254658889,0.8355807920112439,0.7265530754661682,2.5854525913164426
9 app_app22,0.8578758254658889,0.8355807920112439,0.7265530754661682,2.5854525913164426
2 app_app21,0.8578758254658889,0.8355807920112439,0.7265530754661682,2.5854525913164426
9 app_app21,0.8578758254658889,0.8355807920112439,0.7265530754661682,2.5854525913164426
2 app_app23,0.8578758254658889,0.8355807920112439,0.7265530754661682,2.5854525913164426
9 app_app23,0.8578758254658889,0.8355807920112439,0.7265530754661682,2.5854525913164426
2 app_app22,0.8578758254658889,0.8355807920112439,0.7265530754661682,2.5854525913164426
9 app_app22,0.8578758254658889,0.8355807920112439,0.7265530754661682,2.5854525913164426
2 app_app21,0.8578758254658889,0.8355807920112439,0.7265530754661682,2.5854525913164426
9 app_app21,0.8578758254658889,0.8355807920112439,0.7265530754661682,2.5854525913164426
2 app_app23,0.8578758254658889,0.8355807920112439,0.7265530754661682,2.5854525913164426
9 app_app23,0.8578758254658889,0.8355807920112439,0.7265530754661682,2.5854525913164426
2 app_app22,0.8586024080932508,0.8345756897871796,0.7268010724626152,2.586648174998424
9 app_app22,0.8586024080932508,0.8345756897871796,0.7268010724626152,2.586648174998424
2 app_app21,0.8586024080932508,0.8345756897871796,0.7268010724626152,2.586648174998424
9 app_app21,0.8586024080932508,0.8345756897871796,0.7268010724626152,2.586648174998424
2 app_app23,0.8586024080932508,0.8345756897871796,0.7268010724626152,2.586648174998424
9 app_app23,0.8586024080932508,0.8345756897871796,0.7268010724626152,2.586648174998424
2 app_app22,0.8579748424549728,0.835660807423823,0.7269589558390028,2.5854525913164426
9 app_app22,0.8579748424549728,0.835660807423823,0.7269589558390028,2.5854525913164426
2 app_app21,0.8579748424549728,0.835660807423823,0.7269589558390028,2.5854525913164426
9 app_app21,0.8579748424549728,0.835660807423823,0.7269589558390028,2.5854525913164426
2 app_app23,0.8579748424549728,0.835660807423823,0.7269589558390028,2.5854525913164426
9 app_app23,0.8579748424549728,0.835660807423823,0.7269589558390028,2.5854525913164426
2 app_app22,0.8582080246442714,0.8361479242961178,0.7272857980368622,2.586648174998424
9 app_app22,0.8582080246442714,0.8361479242961178,0.7272857980368622,2.586648174998424
2 app_app21,0.8582080246442714,0.8361479242961178,0.7272857980368622,2.586648174998424
9 app_app21,0.8582080246442714,0.8361479242961178,0.7272857980368622,2.586648174998424
2 app_app23,0.8582080246442714,0.8361479242961178,0.7272857980368622,2.586648174998424
9 app_app23,0.8582080246442714,0.8361479242961178,0.7272857980368622,2.586648174998424
2 app_app22,0.8574718851402444,0.8363525194350323,0.7269203795153963,2.586648174998424
9 app_app22,0.8574718851402444,0.8363525194350323,0.7269203795153963,2.586648174998424
2 app_app21,0.8574718851402444,0.8363525194350323,0.7269203795153963,2.586648174998424
9 app_app21,0.8574718851402444,0.8363525194350323,0.7269203795153963,2.586648174998424
2 app_app23,0.8574718851402444,0.8363525194350323,0.7269203795153963,2.586648174998424
9 app_app23,0.8574718851402444,0.8363525194350323,0.7269203795153963,2.586648174998424
2 app_app22,0.8574718851402444,0.8363525194350323,0.7269203795153963,2.586648174998424
9 app_app22,0.8574718851402444,0.8363525194350323,0.7269203795153963,2.586648174998424
2 app_app21,0.8574718851402444,0.8363525194350323,0.7269203795153963,2.586648174998424
9 app_app21,0.8574718851402444,0.8363525194350323,0.7269203795153963,2.586648174998424
2 app_app23,0.8574718851402444,0.8363525194350323,0.7269203795153963,2.586648174998424
9 app_app23,0.8574718851402444,0.8363525194350323,0.7269203795153963,2.586648174998424
2 app_app22,0.8574718851402444,0.8363525194350323,0.7269203795153963,2.586648174998424
9 app_app22,0.8574718851402444,0.8363525194350323,0.7269203795153963,2.586648174998424
2 app_app21,0.8574718851402444,0.8363525194350323,0.7269203795153963,2.586648174998424
9 app_app21,0.8574718851402444,0.8363525194350323,0.7269203795153963,2.586648174998424
2 app_app23,0.8574718851402444,0.8363525194350323,0.7269203795153963,2.586648174998424
9 app_app23,0.8574718851402444,0.8363525194350323,0.7269203795153963,2.586648174998424
2 app_app22,0.8570250577376078,0.837696583462082,0.7276710999233464,2.586648174998424
9 app_app22,0.8570250577376078,0.837696583462082,0.7276710999233464,2.586648174998424
2 app_app21,0.8570250577376078,0.837696583462082,0.7276710999233464,2.586648174998424
9 app_app21,0.8570250577376078,0.837696583462082,0.7276710999233464,2.586648174998424
2 app_app23,0.8570250577376078,0.837696583462082,0.7276710999233464,2.586648174998424
9 app_app23,0.8570250577376078,0.837696583462082,0.7276710999233464,2.586648174998424
2 app_app22,0.8579430959357949,0.835444356559981,0.7266946997254524,2.586648174998424
9 app_app22,0.8579430959357949,0.835444356559981,0.7266946997254524,2.586648174998424
2 app_app21,0.8579430959357949,0.835444356559981,0.7266946997254524,2.586648174998424
9 app_app21,0.8579430959357949,0.835444356559981,0.7266946997254524,2.586648174998424
2 app_app23,0.8579430959357949,0.835444356559981,0.7266946997254524,2.586648174998424
9 app_app23,0.8579430959357949,0.835444356559981,0.7266946997254524,2.586648174998424
2 app_app22,0.856772953729909,0.835444356559981,0.7257209529574737,2.586648174998424
9 app_app22,0.856772953729909,0.835444356559981,0.7257209529574737,2.586648174998424
2 app_app21,0.856772953729909,0.835444356559981,0.7257209529574737,2.586648174998424
9 app_app21,0.856772953729909,0.835444356559981,0.7257209529574737,2.586648174998424
2 app_app23,0.856772953729909,0.835444356559981,0.7257209529574737,2.586648174998424
9 app_app23,0.856772953729909,0.835444356559981,0.7257209529574737,2.586648174998424
2 app_app22,0.8579430959357949,0.8348638207503596,0.7263250961336578,2.586648174998424
9 app_app22,0.8579430959357949,0.8348638207503596,0.7263250961336578,2.586648174998424
2 app_app21,0.8579430959357949,0.8348638207503596,0.7263250961336578,2.586648174998424
9 app_app21,0.8579430959357949,0.8348638207503596,0.7263250961336578,2.586648174998424
2 app_app23,0.8579430959357949,0.8348638207503596,0.7263250961336578,2.586648174998424
9 app_app23,0.8579430959357949,0.8348638207503596,0.7263250961336578,2.586648174998424
2 app_app22,0.8566026820384766,0.8356426675701384,0.7256770893702725,2.5854525913164426
9 app_app22,0.8566026820384766,0.8356426675701384,0.7256770893702725,2.5854525913164426
2 app_app21,0.8566026820384766,0.8356426675701384,0.7256770893702725,2.5854525913164426
9 app_app21,0.8566026820384766,0.8356426675701384,0.7256770893702725,2.5854525913164426
2 app_app23,0.8566026820384766,0.8356426675701384,0.7256770893702725,2.5854525913164426
9 app_app23,0.8566026820384766,0.8356426675701384,0.7256770893702725,2.5854525913164426
2 app_app22,0.8579430959357949,0.837696583462082,0.7280075379967222,2.586648174998424
9 app_app22,0.8579430959357949,0.837696583462082,0.7280075379967222,2.586648174998424
2 app_app21,0.8579430959357949,0.837696583462082,0.7280075379967222,2.586648174998424
9 app_app21,0.8579430959357949,0.837696583462082,0.7280075379967222,2.586648174998424
2 app_app23,0.8579430959357949,0.837696583462082,0.7280075379967222,2.586648174998424
9 app_app23,0.8579430959357949,0.837696583462082,0.7280075379967222,2.586648174998424
2 app_app22,0.8579430959357949,0.835444356559981,0.7266946997254524,2.586648174998424
9 app_app22,0.8579430959357949,0.835444356559981,0.7266946997254524,2.586648174998424
2 app_app21,0.8579430959357949,0.835444356559981,0.7266946997254524,2.586648174998424
9 app_app21,0.8579430959357949,0.835444356559981,0.7266946997254524,2.586648174998424
2 app_app23,0.8579430959357949,0.835444356559981,0.7266946997254524,2.586648174998424
9 app_app23,0.8579430959357949,0.835444356559981,0.7266946997254524,2.586648174998424
2 app_app22,0.8569401448034487,0.8353706693678461,0.7257162317252133,2.5854525913164426
9 app_app22,0.8569401448034487,0.8353706693678461,0.7257162317252133,2.5854525913164426
2 app_app21,0.8569401448034487,0.8353706693678461,0.7257162317252133,2.5854525913164426
9 app_app21,0.8569401448034487,0.8353706693678461,0.7257162317252133,2.5854525913164426
2 app_app23,0.8569401448034487,0.8353706693678461,0.7257162317252133,2.5854525913164426
9 app_app23,0.8569401448034487,0.8353706693678461,0.7257162317252133,2.5854525913164426
2 app_app22,0.8574718851402444,0.8346098363336503,0.725695327577365,2.586648174998424
9 app_app22,0.8574718851402444,0.8346098363336503,0.725695327577365,2.586648174998424
2 app_app21,0.8574718851402444,0.8346098363336503,0.725695327577365,2.586648174998424
9 app_app21,0.8574718851402444,0.8346098363336503,0.725695327577365,2.586648174998424
2 app_app23,0.8574718851402444,0.8346098363336503,0.725695327577365,2.586648174998424
9 app_app23,0.8574718851402444,0.8346098363336503,0.725695327577365,2.586648174998424
2 app_app22,0.8569401448034487,0.8353706693678461,0.7257162317252133,2.5854525913164426
9 app_app22,0.8569401448034487,0.8353706693678461,0.7257162317252133,2.5854525913164426
2 app_app21,0.8569401448034487,0.8353706693678461,0.7257162317252133,2.5854525913164426
9 app_app21,0.8569401448034487,0.8353706693678461,0.7257162317252133,2.5854525913164426
2 app_app23,0.8569401448034487,0.8353706693678461,0.7257162317252133,2.5854525913164426
9 app_app23,0.8569401448034487,0.8353706693678461,0.7257162317252133,2.5854525913164426
2 app_app22,0.8579430959357949,0.835444356559981,0.7266946997254524,2.586648174998424
9 app_app22,0.8579430959357949,0.835444356559981,0.7266946997254524,2.586648174998424
2 app_app21,0.8579430959357949,0.835444356559981,0.7266946997254524,2.586648174998424
9 app_app21,0.8579430959357949,0.835444356559981,0.7266946997254524,2.586648174998424
2 app_app23,0.8579430959357949,0.835444356559981,0.7266946997254524,2.586648174998424
9 app_app23,0.8579430959357949,0.835444356559981,0.7266946997254524,2.586648174998424
2 app_app22,0.855873375207416,0.8346098363336503,0.724106186123251,2.586648174998424
9 app_app22,0.855873375207416,0.8346098363336503,0.724106186123251,2.586648174998424
2 app_app21,0.855873375207416,0.8346098363336503,0.724106186123251,2.586648174998424
9 app_app21,0.855873375207416,0.8346098363336503,0.724106186123251,2.586648174998424
2 app_app23,0.855873375207416,0.8346098363336503,0.724106186123251,2.586648174998424
9 app_app23,0.855873375207416,0.8346098363336503,0.724106186123251,2.586648174998424
2 app_app22,0.8579430959357949,0.837696583462082,0.7280075379967222,2.586648174998424
9 app_app22,0.8579430959357949,0.837696583462082,0.7280075379967222,2.586648174998424
2 app_app21,0.8579430959357949,0.837696583462082,0.7280075379967222,2.586648174998424
9 app_app21,0.8579430959357949,0.837696583462082,0.7280075379967222,2.586648174998424
2 app_app23,0.8579430959357949,0.837696583462082,0.7280075379967222,2.586648174998424
9 app_app23,0.8579430959357949,0.837696583462082,0.7280075379967222,2.586648174998424
2 app_app22,0.8579430959357949,0.8352992226075756,0.7266022988275037,2.586648174998424
9 app_app22,0.8579430959357949,0.8352992226075756,0.7266022988275037,2.586648174998424
2 app_app21,0.8579430959357949,0.8352992226075756,0.7266022988275037,2.586648174998424
9 app_app21,0.8579430959357949,0.8352992226075756,0.7266022988275037,2.586648174998424
2 app_app23,0.8579430959357949,0.8352992226075756,0.7266022988275037,2.586648174998424
9 app_app23,0.8579430959357949,0.8352992226075756,0.7266022988275037,2.586648174998424
2 app_app22,0.8579430959357949,0.837696583462082,0.7280075379967222,2.586648174998424
9 app_app22,0.8579430959357949,0.837696583462082,0.7280075379967222,2.586648174998424
2 app_app21,0.8579430959357949,0.837696583462082,0.7280075379967222,2.586648174998424
9 app_app21,0.8579430959357949,0.837696583462082,0.7280075379967222,2.586648174998424
2 app_app23,0.8579430959357949,0.837696583462082,0.7280075379967222,2.586648174998424
9 app_app23,0.8579430959357949,0.837696583462082,0.7280075379967222,2.586648174998424
2 app_app22,0.8582080246442714,0.8361479242961178,0.7272857980368622,2.586648174998424
9 app_app22,0.8582080246442714,0.8361479242961178,0.7272857980368622,2.586648174998424
2 app_app21,0.8582080246442714,0.8361479242961178,0.7272857980368622,2.586648174998424
9 app_app21,0.8582080246442714,0.8361479242961178,0.7272857980368622,2.586648174998424
2 app_app23,0.8582080246442714,0.8361479242961178,0.7272857980368622,2.586648174998424
9 app_app23,0.8582080246442714,0.8361479242961178,0.7272857980368622,2.586648174998424
2 app_app22,0.856772953729909,0.835444356559981,0.7257209529574737,2.586648174998424
9 app_app22,0.856772953729909,0.835444356559981,0.7257209529574737,2.586648174998424
2 app_app21,0.856772953729909,0.835444356559981,0.7257209529574737,2.586648174998424
9 app_app21,0.856772953729909,0.835444356559981,0.7257209529574737,2.586648174998424
2 app_app23,0.856772953729909,0.835444356559981,0.7257209529574737,2.586648174998424
9 app_app23,0.856772953729909,0.835444356559981,0.7257209529574737,2.586648174998424
2 app_app22,0.8557436693437028,0.8347034599623394,0.7240328410070042,2.580862801127118
9 app_app22,0.8557436693437028,0.8347034599623394,0.7240328410070042,2.580862801127118
2 app_app21,0.8557436693437028,0.8347034599623394,0.7240328410070042,2.580862801127118
9 app_app21,0.8557436693437028,0.8347034599623394,0.7240328410070042,2.580862801127118
2 app_app23,0.8557436693437028,0.8347034599623394,0.7240328410070042,2.580862801127118
9 app_app23,0.8557436693437028,0.8347034599623394,0.7240328410070042,2.580862801127118
2 app_app22,0.8551784277211925,0.8344283647512317,0.7234230525535993,2.580862801127118
9 app_app22,0.8551784277211925,0.8344283647512317,0.7234230525535993,2.580862801127118
2 app_app21,0.8551784277211925,0.8344283647512317,0.7234230525535993,2.580862801127118
9 app_app21,0.8551784277211925,0.8344283647512317,0.7234230525535993,2.580862801127118
2 app_app23,0.8551784277211925,0.8344283647512317,0.7234230525535993,2.580862801127118
9 app_app23,0.8551784277211925,0.8344283647512317,0.7234230525535993,2.580862801127118
2 app_app22,0.8559608909706161,0.8347034599623394,0.7241899938992621,2.580862801127118
9 app_app22,0.8559608909706161,0.8347034599623394,0.7241899938992621,2.580862801127118
2 app_app21,0.8559608909706161,0.8347034599623394,0.7241899938992621,2.580862801127118
9 app_app21,0.8559608909706161,0.8347034599623394,0.7241899938992621,2.580862801127118
2 app_app23,0.8559608909706161,0.8347034599623394,0.7241899938992621,2.580862801127118
9 app_app23,0.8559608909706161,0.8347034599623394,0.7241899938992621,2.580862801127118
2 app_app22,0.8559608909706161,0.8354437594348884,0.7252639442920036,2.580862801127118
9 app_app22,0.8559608909706161,0.8354437594348884,0.7252639442920036,2.580862801127118
2 app_app21,0.8559608909706161,0.8354437594348884,0.7252639442920036,2.580862801127118
9 app_app21,0.8559608909706161,0.8354437594348884,0.7252639442920036,2.580862801127118
2 app_app23,0.8559608909706161,0.8354437594348884,0.7252639442920036,2.580862801127118
9 app_app23,0.8559608909706161,0.8354437594348884,0.7252639442920036,2.580862801127118
2 app_app22,0.8559608909706161,0.8347034599623394,0.7241899938992621,2.580862801127118
9 app_app22,0.8559608909706161,0.8347034599623394,0.7241899938992621,2.580862801127118
2 app_app21,0.8559608909706161,0.8347034599623394,0.7241899938992621,2.580862801127118
9 app_app21,0.8559608909706161,0.8347034599623394,0.7241899938992621,2.580862801127118
2 app_app23,0.8559608909706161,0.8347034599623394,0.7241899938992621,2.580862801127118
9 app_app23,0.8559608909706161,0.8347034599623394,0.7241899938992621,2.580862801127118
"14 <intrusiondetection_source, 23791523.1>",0.8559608909706161,0.8347034599623394,0.7241899938992621,2.580862801127118
2 app_app22,0.8559608909706161,0.8347034599623394,0.7241899938992621,2.580862801127118
9 app_app22,0.8559608909706161,0.8347034599623394,0.7241899938992621,2.580862801127118
2 app_app21,0.8559608909706161,0.8347034599623394,0.7241899938992621,2.580862801127118
9 app_app21,0.8559608909706161,0.8347034599623394,0.7241899938992621,2.580862801127118
2 app_app23,0.8559608909706161,0.8347034599623394,0.7241899938992621,2.580862801127118
9 app_app23,0.8559608909706161,0.8347034599623394,0.7241899938992621,2.580862801127118
2 app_app22,0.8556393427195524,0.8347034599623394,0.7239622475291624,2.580862801127118
9 app_app22,0.8556393427195524,0.8347034599623394,0.7239622475291624,2.580862801127118
2 app_app21,0.8556393427195524,0.8347034599623394,0.7239622475291624,2.580862801127118
9 app_app21,0.8556393427195524,0.8347034599623394,0.7239622475291624,2.580862801127118
2 app_app23,0.8556393427195524,0.8347034599623394,0.7239622475291624,2.580862801127118
9 app_app23,0.8556393427195524,0.8347034599623394,0.7239622475291624,2.580862801127118
2 app_app22,0.8559608909706161,0.8384216639818409,0.7282353413929927,2.580862801127118
9 app_app22,0.8559608909706161,0.8384216639818409,0.7282353413929927,2.580862801127118
2 app_app21,0.8559608909706161,0.8384216639818409,0.7282353413929927,2.580862801127118
9 app_app21,0.8559608909706161,0.8384216639818409,0.7282353413929927,2.580862801127118
2 app_app23,0.8559608909706161,0.8384216639818409,0.7282353413929927,2.580862801127118
9 app_app23,0.8559608909706161,0.8384216639818409,0.7282353413929927,2.580862801127118
2 app_app22,0.8559608909706161,0.8384216639818409,0.7282353413929927,2.580862801127118
9 app_app22,0.8559608909706161,0.8384216639818409,0.7282353413929927,2.580862801127118
2 app_app21,0.8559608909706161,0.8384216639818409,0.7282353413929927,2.580862801127118
9 app_app21,0.8559608909706161,0.8384216639818409,0.7282353413929927,2.580862801127118
2 app_app23,0.8559608909706161,0.8384216639818409,0.7282353413929927,2.580862801127118
9 app_app23,0.8559608909706161,0.8384216639818409,0.7282353413929927,2.580862801127118
2 app_app22,0.8559608909706161,0.8347034599623394,0.7241899938992621,2.580862801127118
9 app_app22,0.8559608909706161,0.8347034599623394,0.7241899938992621,2.580862801127118
2 app_app21,0.8559608909706161,0.8347034599623394,0.7241899938992621,2.580862801127118
9 app_app21,0.8559608909706161,0.8347034599623394,0.7241899938992621,2.580862801127118
2 app_app23,0.8559608909706161,0.8347034599623394,0.7241899938992621,2.580862801127118
9 app_app23,0.8559608909706161,0.8347034599623394,0.7241899938992621,2.580862801127118
2 app_app22,0.8559608909706161,0.8360406846497028,0.7258597774839392,2.580862801127118
9 app_app22,0.8559608909706161,0.8360406846497028,0.7258597774839392,2.580862801127118
2 app_app21,0.8559608909706161,0.8360406846497028,0.7258597774839392,2.580862801127118
9 app_app21,0.8559608909706161,0.8360406846497028,0.7258597774839392,2.580862801127118
2 app_app23,0.8559608909706161,0.8360406846497028,0.7258597774839392,2.580862801127118
9 app_app23,0.8559608909706161,0.8360406846497028,0.7258597774839392,2.580862801127118
2 app_app22,0.833304019661331,0.8228930072381248,0.6969247266255062,2.5314119543936426
9 app_app22,0.833304019661331,0.8228930072381248,0.6969247266255062,2.5314119543936426
2 app_app21,0.833304019661331,0.8228930072381248,0.6969247266255062,2.5314119543936426
9 app_app21,0.833304019661331,0.8228930072381248,0.6969247266255062,2.5314119543936426
2 app_app23,0.833304019661331,0.8228930072381248,0.6969247266255062,2.5314119543936426
9 app_app23,0.833304019661331,0.8228930072381248,0.6969247266255062,2.5314119543936426
2 app_app22,0.8559608909706161,0.8347034599623394,0.7241899938992621,2.580862801127118
9 app_app22,0.8559608909706161,0.8347034599623394,0.7241899938992621,2.580862801127118
2 app_app21,0.8559608909706161,0.8347034599623394,0.7241899938992621,2.580862801127118
9 app_app21,0.8559608909706161,0.8347034599623394,0.7241899938992621,2.580862801127118
2 app_app23,0.8559608909706161,0.8347034599623394,0.7241899938992621,2.580862801127118
9 app_app23,0.8559608909706161,0.8347034599623394,0.7241899938992621,2.580862801127118
2 app_app22,0.8559608909706161,0.8347034599623394,0.7241899938992621,2.580862801127118
9 app_app22,0.8559608909706161,0.8347034599623394,0.7241899938992621,2.580862801127118
2 app_app21,0.8559608909706161,0.8347034599623394,0.7241899938992621,2.580862801127118
9 app_app21,0.8559608909706161,0.8347034599623394,0.7241899938992621,2.580862801127118
2 app_app23,0.8559608909706161,0.8347034599623394,0.7241899938992621,2.580862801127118
9 app_app23,0.8559608909706161,0.8347034599623394,0.7241899938992621,2.580862801127118
2 app_app22,0.8559608909706161,0.8347034599623394,0.7241899938992621,2.580862801127118
9 app_app22,0.8559608909706161,0.8347034599623394,0.7241899938992621,2.580862801127118
2 app_app21,0.8559608909706161,0.8347034599623394,0.7241899938992621,2.580862801127118
9 app_app21,0.8559608909706161,0.8347034599623394,0.7241899938992621,2.580862801127118
2 app_app23,0.8559608909706161,0.8347034599623394,0.7241899938992621,2.580862801127118
9 app_app23,0.8559608909706161,0.8347034599623394,0.7241899938992621,2.580862801127118
2 app_app22,0.8559608909706161,0.8360406846497028,0.7258597774839392,2.580862801127118
9 app_app22,0.8559608909706161,0.8360406846497028,0.7258597774839392,2.580862801127118
2 app_app21,0.8559608909706161,0.8360406846497028,0.7258597774839392,2.580862801127118
9 app_app21,0.8559608909706161,0.8360406846497028,0.7258597774839392,2.580862801127118
2 app_app23,0.8559608909706161,0.8360406846497028,0.7258597774839392,2.580862801127118
9 app_app23,0.8559608909706161,0.8360406846497028,0.7258597774839392,2.580862801127118
2 app_app22,0.8559608909706161,0.8384216639818409,0.7282353413929927,2.580862801127118
9 app_app22,0.8559608909706161,0.8384216639818409,0.7282353413929927,2.580862801127118
2 app_app21,0.8559608909706161,0.8384216639818409,0.7282353413929927,2.580862801127118
9 app_app21,0.8559608909706161,0.8384216639818409,0.7282353413929927,2.580862801127118
2 app_app23,0.8559608909706161,0.8384216639818409,0.7282353413929927,2.580862801127118
9 app_app23,0.8559608909706161,0.8384216639818409,0.7282353413929927,2.580862801127118
2 app_app22,0.8559229019519897,0.8360406846497028,0.7258238135537902,2.580862801127118
9 app_app22,0.8559229019519897,0.8360406846497028,0.7258238135537902,2.580862801127118
2 app_app21,0.8559229019519897,0.8360406846497028,0.7258238135537902,2.580862801127118
9 app_app21,0.8559229019519897,0.8360406846497028,0.7258238135537902,2.580862801127118
2 app_app23,0.8559229019519897,0.8360406846497028,0.7258238135537902,2.580862801127118
9 app_app23,0.8559229019519897,0.8360406846497028,0.7258238135537902,2.580862801127118
2 app_app22,0.8559229019519897,0.8354437594348884,0.7252275455742968,2.580862801127118
9 app_app22,0.8559229019519897,0.8354437594348884,0.7252275455742968,2.580862801127118
2 app_app21,0.8559229019519897,0.8354437594348884,0.7252275455742968,2.580862801127118
9 app_app21,0.8559229019519897,0.8354437594348884,0.7252275455742968,2.580862801127118
2 app_app23,0.8559229019519897,0.8354437594348884,0.7252275455742968,2.580862801127118
9 app_app23,0.8559229019519897,0.8354437594348884,0.7252275455742968,2.580862801127118
2 app_app22,0.8559229019519897,0.8347034599623394,0.7241618054125959,2.580862801127118
9 app_app22,0.8559229019519897,0.8347034599623394,0.7241618054125959,2.580862801127118
2 app_app21,0.8559229019519897,0.8347034599623394,0.7241618054125959,2.580862801127118
9 app_app21,0.8559229019519897,0.8347034599623394,0.7241618054125959,2.580862801127118
2 app_app23,0.8559229019519897,0.8347034599623394,0.7241618054125959,2.580862801127118
9 app_app23,0.8559229019519897,0.8347034599623394,0.7241618054125959,2.580862801127118
2 app_app22,0.8559229019519897,0.8384216639818409,0.7282011254333594,2.580862801127118
9 app_app22,0.8559229019519897,0.8384216639818409,0.7282011254333594,2.580862801127118
2 app_app21,0.8559229019519897,0.8384216639818409,0.7282011254333594,2.580862801127118
9 app_app21,0.8559229019519897,0.8384216639818409,0.7282011254333594,2.580862801127118
2 app_app23,0.8559229019519897,0.8384216639818409,0.7282011254333594,2.580862801127118
9 app_app23,0.8559229019519897,0.8384216639818409,0.7282011254333594,2.580862801127118
2 app_app22,0.8559229019519897,0.8347034599623394,0.7241618054125959,2.580862801127118
9 app_app22,0.8559229019519897,0.8347034599623394,0.7241618054125959,2.580862801127118
2 app_app21,0.8559229019519897,0.8347034599623394,0.7241618054125959,2.580862801127118
9 app_app21,0.8559229019519897,0.8347034599623394,0.7241618054125959,2.580862801127118
2 app_app23,0.8559229019519897,0.8347034599623394,0.7241618054125959,2.580862801127118
9 app_app23,0.8559229019519897,0.8347034599623394,0.7241618054125959,2.580862801127118
2 app_app22,0.8559229019519897,0.8347334683101413,0.7244390273479617,2.580862801127118
9 app_app22,0.8559229019519897,0.8347334683101413,0.7244390273479617,2.580862801127118
2 app_app21,0.8559229019519897,0.8347334683101413,0.7244390273479617,2.580862801127118
9 app_app21,0.8559229019519897,0.8347334683101413,0.7244390273479617,2.580862801127118
2 app_app23,0.8559229019519897,0.8347334683101413,0.7244390273479617,2.580862801127118
9 app_app23,0.8559229019519897,0.8347334683101413,0.7244390273479617,2.580862801127118
2 app_app22,0.8557436693437028,0.8347034599623394,0.7240328410070042,2.580862801127118
9 app_app22,0.8557436693437028,0.8347034599623394,0.7240328410070042,2.580862801127118
2 app_app21,0.8557436693437028,0.8347034599623394,0.7240328410070042,2.580862801127118
9 app_app21,0.8557436693437028,0.8347034599623394,0.7240328410070042,2.580862801127118
2 app_app23,0.8557436693437028,0.8347034599623394,0.7240328410070042,2.580862801127118
9 app_app23,0.8557436693437028,0.8347034599623394,0.7240328410070042,2.580862801127118
2 app_app22,0.8551784277211925,0.8344283647512317,0.7234230525535993,2.580862801127118
9 app_app22,0.8551784277211925,0.8344283647512317,0.7234230525535993,2.580862801127118
2 app_app21,0.8551784277211925,0.8344283647512317,0.7234230525535993,2.580862801127118
9 app_app21,0.8551784277211925,0.8344283647512317,0.7234230525535993,2.580862801127118
2 app_app23,0.8551784277211925,0.8344283647512317,0.7234230525535993,2.580862801127118
9 app_app23,0.8551784277211925,0.8344283647512317,0.7234230525535993,2.580862801127118
2 app_app22,0.8556393427195524,0.8344283647512317,0.7238021791158761,2.580862801127118
9 app_app22,0.8556393427195524,0.8344283647512317,0.7238021791158761,2.580862801127118
2 app_app21,0.8556393427195524,0.8344283647512317,0.7238021791158761,2.580862801127118
9 app_app21,0.8556393427195524,0.8344283647512317,0.7238021791158761,2.580862801127118
2 app_app23,0.8556393427195524,0.8344283647512317,0.7238021791158761,2.580862801127118
9 app_app23,0.8556393427195524,0.8344283647512317,0.7238021791158761,2.580862801127118
2 app_app22,0.8554538011243192,0.8348220988474118,0.7241380822491452,2.580862801127118
9 app_app22,0.8554538011243192,0.8348220988474118,0.7241380822491452,2.580862801127118
2 app_app21,0.8554538011243192,0.8348220988474118,0.7241380822491452,2.580862801127118
9 app_app21,0.8554538011243192,0.8348220988474118,0.7241380822491452,2.580862801127118
2 app_app23,0.8554538011243192,0.8348220988474118,0.7241380822491452,2.580862801127118
9 app_app23,0.8554538011243192,0.8348220988474118,0.7241380822491452,2.580862801127118
2 app_app22,0.855277877159849,0.8344283647512317,0.7235046784698017,2.580862801127118
9 app_app22,0.855277877159849,0.8344283647512317,0.7235046784698017,2.580862801127118
2 app_app21,0.855277877159849,0.8344283647512317,0.7235046784698017,2.580862801127118
9 app_app21,0.855277877159849,0.8344283647512317,0.7235046784698017,2.580862801127118
2 app_app23,0.855277877159849,0.8344283647512317,0.7235046784698017,2.580862801127118
9 app_app23,0.855277877159849,0.8344283647512317,0.7235046784698017,2.580862801127118
2 app_app22,0.855277877159849,0.8344283647512317,0.7235046784698017,2.580862801127118
9 app_app22,0.855277877159849,0.8344283647512317,0.7235046784698017,2.580862801127118
2 app_app21,0.855277877159849,0.8344283647512317,0.7235046784698017,2.580862801127118
9 app_app21,0.855277877159849,0.8344283647512317,0.7235046784698017,2.580862801127118
2 app_app23,0.855277877159849,0.8344283647512317,0.7235046784698017,2.580862801127118
9 app_app23,0.855277877159849,0.8344283647512317,0.7235046784698017,2.580862801127118
2 app_app22,0.8556393427195524,0.8345567949876733,0.7239526967059391,2.580862801127118
9 app_app22,0.8556393427195524,0.8345567949876733,0.7239526967059391,2.580862801127118
2 app_app21,0.8556393427195524,0.8345567949876733,0.7239526967059391,2.580862801127118
9 app_app21,0.8556393427195524,0.8345567949876733,0.7239526967059391,2.580862801127118
2 app_app23,0.8556393427195524,0.8345567949876733,0.7239526967059391,2.580862801127118
9 app_app23,0.8556393427195524,0.8345567949876733,0.7239526967059391,2.580862801127118
2 app_app22,0.8556393427195524,0.8344283647512317,0.7238021791158761,2.580862801127118
9 app_app22,0.8556393427195524,0.8344283647512317,0.7238021791158761,2.580862801127118
2 app_app21,0.8556393427195524,0.8344283647512317,0.7238021791158761,2.580862801127118
9 app_app21,0.8556393427195524,0.8344283647512317,0.7238021791158761,2.580862801127118
2 app_app23,0.8556393427195524,0.8344283647512317,0.7238021791158761,2.580862801127118
9 app_app23,0.8556393427195524,0.8344283647512317,0.7238021791158761,2.580862801127118
"14 <intrusiondetection_source, 23791523.1>",0.8556393427195524,0.8344283647512317,0.7238021791158761,2.580862801127118
2 app_app22,0.8556393427195524,0.8344283647512317,0.7238021791158761,2.580862801127118
9 app_app22,0.8556393427195524,0.8344283647512317,0.7238021791158761,2.580862801127118
2 app_app21,0.8556393427195524,0.8344283647512317,0.7238021791158761,2.580862801127118
9 app_app21,0.8556393427195524,0.8344283647512317,0.7238021791158761,2.580862801127118
2 app_app23,0.8556393427195524,0.8344283647512317,0.7238021791158761,2.580862801127118
9 app_app23,0.8556393427195524,0.8344283647512317,0.7238021791158761,2.580862801127118
2 app_app22,0.8556393427195524,0.8345567949876733,0.7239526967059391,2.580862801127118
9 app_app22,0.8556393427195524,0.8345567949876733,0.7239526967059391,2.580862801127118
2 app_app21,0.8556393427195524,0.8345567949876733,0.7239526967059391,2.580862801127118
9 app_app21,0.8556393427195524,0.8345567949876733,0.7239526967059391,2.580862801127118
2 app_app23,0.8556393427195524,0.8345567949876733,0.7239526967059391,2.580862801127118
9 app_app23,0.8556393427195524,0.8345567949876733,0.7239526967059391,2.580862801127118
2 app_app22,0.8556393427195524,0.8345567949876733,0.7239526967059391,2.580862801127118
9 app_app22,0.8556393427195524,0.8345567949876733,0.7239526967059391,2.580862801127118
2 app_app21,0.8556393427195524,0.8345567949876733,0.7239526967059391,2.580862801127118
9 app_app21,0.8556393427195524,0.8345567949876733,0.7239526967059391,2.580862801127118
2 app_app23,0.8556393427195524,0.8345567949876733,0.7239526967059391,2.580862801127118
9 app_app23,0.8556393427195524,0.8345567949876733,0.7239526967059391,2.580862801127118
2 app_app22,0.8556393427195524,0.8353273045250471,0.7243226521468777,2.580862801127118
9 app_app22,0.8556393427195524,0.8353273045250471,0.7243226521468777,2.580862801127118
2 app_app21,0.8556393427195524,0.8353273045250471,0.7243226521468777,2.580862801127118
9 app_app21,0.8556393427195524,0.8353273045250471,0.7243226521468777,2.580862801127118
2 app_app23,0.8556393427195524,0.8353273045250471,0.7243226521468777,2.580862801127118
9 app_app23,0.8556393427195524,0.8353273045250471,0.7243226521468777,2.580862801127118
2 app_app22,0.8556393427195524,0.8345567949876733,0.7239526967059391,2.580862801127118
9 app_app22,0.8556393427195524,0.8345567949876733,0.7239526967059391,2.580862801127118
2 app_app21,0.8556393427195524,0.8345567949876733,0.7239526967059391,2.580862801127118
9 app_app21,0.8556393427195524,0.8345567949876733,0.7239526967059391,2.580862801127118
2 app_app23,0.8556393427195524,0.8345567949876733,0.7239526967059391,2.580862801127118
9 app_app23,0.8556393427195524,0.8345567949876733,0.7239526967059391,2.580862801127118
2 app_app22,0.8556393427195524,0.8353273045250471,0.7243226521468777,2.580862801127118
9 app_app22,0.8556393427195524,0.8353273045250471,0.7243226521468777,2.580862801127118
2 app_app21,0.8556393427195524,0.8353273045250471,0.7243226521468777,2.580862801127118
9 app_app21,0.8556393427195524,0.8353273045250471,0.7243226521468777,2.580862801127118
2 app_app23,0.8556393427195524,0.8353273045250471,0.7243226521468777,2.580862801127118
9 app_app23,0.8556393427195524,0.8353273045250471,0.7243226521468777,2.580862801127118
2 app_app22,0.8556393427195524,0.8353273045250471,0.7243226521468777,2.580862801127118
9 app_app22,0.8556393427195524,0.8353273045250471,0.7243226521468777,2.580862801127118
2 app_app21,0.8556393427195524,0.8353273045250471,0.7243226521468777,2.580862801127118
9 app_app21,0.8556393427195524,0.8353273045250471,0.7243226521468777,2.580862801127118
2 app_app23,0.8556393427195524,0.8353273045250471,0.7243226521468777,2.580862801127118
9 app_app23,0.8556393427195524,0.8353273045250471,0.7243226521468777,2.580862801127118
2 app_app22,0.8556393427195524,0.8344283647512317,0.7238021791158761,2.580862801127118
9 app_app22,0.8556393427195524,0.8344283647512317,0.7238021791158761,2.580862801127118
2 app_app21,0.8556393427195524,0.8344283647512317,0.7238021791158761,2.580862801127118
9 app_app21,0.8556393427195524,0.8344283647512317,0.7238021791158761,2.580862801127118
2 app_app23,0.8556393427195524,0.8344283647512317,0.7238021791158761,2.580862801127118
9 app_app23,0.8556393427195524,0.8344283647512317,0.7238021791158761,2.580862801127118
2 app_app22,0.8556393427195524,0.8344283647512317,0.7238021791158761,2.580862801127118
9 app_app22,0.8556393427195524,0.8344283647512317,0.7238021791158761,2.580862801127118
2 app_app21,0.8556393427195524,0.8344283647512317,0.7238021791158761,2.580862801127118
9 app_app21,0.8556393427195524,0.8344283647512317,0.7238021791158761,2.580862801127118
2 app_app23,0.8556393427195524,0.8344283647512317,0.7238021791158761,2.580862801127118
9 app_app23,0.8556393427195524,0.8344283647512317,0.7238021791158761,2.580862801127118
2 app_app22,0.8556393427195524,0.8344283647512317,0.7238021791158761,2.580862801127118
9 app_app22,0.8556393427195524,0.8344283647512317,0.7238021791158761,2.580862801127118
2 app_app21,0.8556393427195524,0.8344283647512317,0.7238021791158761,2.580862801127118
9 app_app21,0.8556393427195524,0.8344283647512317,0.7238021791158761,2.580862801127118
2 app_app23,0.8556393427195524,0.8344283647512317,0.7238021791158761,2.580862801127118
9 app_app23,0.8556393427195524,0.8344283647512317,0.7238021791158761,2.580862801127118
2 app_app22,0.8563612454983343,0.8370496231088008,0.7265420886486876,2.572101423889265
9 app_app22,0.8563612454983343,0.8370496231088008,0.7265420886486876,2.572101423889265
2 app_app21,0.8563612454983343,0.8370496231088008,0.7265420886486876,2.572101423889265
9 app_app21,0.8563612454983343,0.8370496231088008,0.7265420886486876,2.572101423889265
2 app_app23,0.8563612454983343,0.8370496231088008,0.7265420886486876,2.572101423889265
9 app_app23,0.8563612454983343,0.8370496231088008,0.7265420886486876,2.572101423889265
2 app_app22,0.8556393427195524,0.8353273045250471,0.7243226521468777,2.580862801127118
9 app_app22,0.8556393427195524,0.8353273045250471,0.7243226521468777,2.580862801127118
2 app_app21,0.8556393427195524,0.8353273045250471,0.7243226521468777,2.580862801127118
9 app_app21,0.8556393427195524,0.8353273045250471,0.7243226521468777,2.580862801127118
2 app_app23,0.8556393427195524,0.8353273045250471,0.7243226521468777,2.580862801127118
9 app_app23,0.8556393427195524,0.8353273045250471,0.7243226521468777,2.580862801127118
2 app_app22,0.8556393427195524,0.8353273045250471,0.7243226521468777,2.580862801127118
9 app_app22,0.8556393427195524,0.8353273045250471,0.7243226521468777,2.580862801127118
2 app_app21,0.8556393427195524,0.8353273045250471,0.7243226521468777,2.580862801127118
9 app_app21,0.8556393427195524,0.8353273045250471,0.7243226521468777,2.580862801127118
2 app_app23,0.8556393427195524,0.8353273045250471,0.7243226521468777,2.580862801127118
9 app_app23,0.8556393427195524,0.8353273045250471,0.7243226521468777,2.580862801127118
2 app_app22,0.8556393427195524,0.8353273045250471,0.7243226521468777,2.580862801127118
9 app_app22,0.8556393427195524,0.8353273045250471,0.7243226521468777,2.580862801127118
2 app_app21,0.8556393427195524,0.8353273045250471,0.7243226521468777,2.580862801127118
9 app_app21,0.8556393427195524,0.8353273045250471,0.7243226521468777,2.580862801127118
2 app_app23,0.8556393427195524,0.8353273045250471,0.7243226521468777,2.580862801127118
9 app_app23,0.8556393427195524,0.8353273045250471,0.7243226521468777,2.580862801127118
2 app_app22,0.8556393427195524,0.8353273045250471,0.7243226521468777,2.580862801127118
9 app_app22,0.8556393427195524,0.8353273045250471,0.7243226521468777,2.580862801127118
2 app_app21,0.8556393427195524,0.8353273045250471,0.7243226521468777,2.580862801127118
9 app_app21,0.8556393427195524,0.8353273045250471,0.7243226521468777,2.580862801127118
2 app_app23,0.8556393427195524,0.8353273045250471,0.7243226521468777,2.580862801127118
9 app_app23,0.8556393427195524,0.8353273045250471,0.7243226521468777,2.580862801127118
2 app_app22,0.8556393427195524,0.8353273045250471,0.7243226521468777,2.580862801127118
9 app_app22,0.8556393427195524,0.8353273045250471,0.7243226521468777,2.580862801127118
2 app_app21,0.8556393427195524,0.8353273045250471,0.7243226521468777,2.580862801127118
9 app_app21,0.8556393427195524,0.8353273045250471,0.7243226521468777,2.580862801127118
2 app_app23,0.8556393427195524,0.8353273045250471,0.7243226521468777,2.580862801127118
9 app_app23,0.8556393427195524,0.8353273045250471,0.7243226521468777,2.580862801127118
2 app_app22,0.8556393427195524,0.8353273045250471,0.7243226521468777,2.580862801127118
9 app_app22,0.8556393427195524,0.8353273045250471,0.7243226521468777,2.580862801127118
2 app_app21,0.8556393427195524,0.8353273045250471,0.7243226521468777,2.580862801127118
9 app_app21,0.8556393427195524,0.8353273045250471,0.7243226521468777,2.580862801127118
2 app_app23,0.8556393427195524,0.8353273045250471,0.7243226521468777,2.580862801127118
9 app_app23,0.8556393427195524,0.8353273045250471,0.7243226521468777,2.580862801127118
2 app_app22,0.8556393427195524,0.8353273045250471,0.7243226521468777,2.580862801127118
9 app_app22,0.8556393427195524,0.8353273045250471,0.7243226521468777,2.580862801127118
2 app_app21,0.8556393427195524,0.8353273045250471,0.7243226521468777,2.580862801127118
9 app_app21,0.8556393427195524,0.8353273045250471,0.7243226521468777,2.580862801127118
2 app_app23,0.8556393427195524,0.8353273045250471,0.7243226521468777,2.580862801127118
9 app_app23,0.8556393427195524,0.8353273045250471,0.7243226521468777,2.580862801127118
2 app_app22,0.855277877159849,0.8353273045250471,0.7241960448033428,2.580862801127118
9 app_app22,0.855277877159849,0.8353273045250471,0.7241960448033428,2.580862801127118
2 app_app21,0.855277877159849,0.8353273045250471,0.7241960448033428,2.580862801127118
9 app_app21,0.855277877159849,0.8353273045250471,0.7241960448033428,2.580862801127118
2 app_app23,0.855277877159849,0.8353273045250471,0.7241960448033428,2.580862801127118
9 app_app23,0.855277877159849,0.8353273045250471,0.7241960448033428,2.580862801127118
2 app_app22,0.8556393427195524,0.8353273045250471,0.7243226521468777,2.580862801127118
9 app_app22,0.8556393427195524,0.8353273045250471,0.7243226521468777,2.580862801127118
2 app_app21,0.8556393427195524,0.8353273045250471,0.7243226521468777,2.580862801127118
9 app_app21,0.8556393427195524,0.8353273045250471,0.7243226521468777,2.580862801127118
2 app_app23,0.8556393427195524,0.8353273045250471,0.7243226521468777,2.580862801127118
9 app_app23,0.8556393427195524,0.8353273045250471,0.7243226521468777,2.580862801127118
2 app_app22,0.8556393427195524,0.8345567949876733,0.7239526967059391,2.580862801127118
9 app_app22,0.8556393427195524,0.8345567949876733,0.7239526967059391,2.580862801127118
2 app_app21,0.8556393427195524,0.8345567949876733,0.7239526967059391,2.580862801127118
9 app_app21,0.8556393427195524,0.8345567949876733,0.7239526967059391,2.580862801127118
2 app_app23,0.8556393427195524,0.8345567949876733,0.7239526967059391,2.580862801127118
9 app_app23,0.8556393427195524,0.8345567949876733,0.7239526967059391,2.580862801127118
2 app_app22,0.8556393427195524,0.8344283647512317,0.7238021791158761,2.580862801127118
9 app_app22,0.8556393427195524,0.8344283647512317,0.7238021791158761,2.580862801127118
2 app_app21,0.8556393427195524,0.8344283647512317,0.7238021791158761,2.580862801127118
9 app_app21,0.8556393427195524,0.8344283647512317,0.7238021791158761,2.580862801127118
2 app_app23,0.8556393427195524,0.8344283647512317,0.7238021791158761,2.580862801127118
9 app_app23,0.8556393427195524,0.8344283647512317,0.7238021791158761,2.580862801127118
2 app_app22,0.8556393427195524,0.8344283647512317,0.7238021791158761,2.580862801127118
9 app_app22,0.8556393427195524,0.8344283647512317,0.7238021791158761,2.580862801127118
2 app_app21,0.8556393427195524,0.8344283647512317,0.7238021791158761,2.580862801127118
9 app_app21,0.8556393427195524,0.8344283647512317,0.7238021791158761,2.580862801127118
2 app_app23,0.8556393427195524,0.8344283647512317,0.7238021791158761,2.580862801127118
9 app_app23,0.8556393427195524,0.8344283647512317,0.7238021791158761,2.580862801127118
2 app_app22,0.8556393427195524,0.8344283647512317,0.7238021791158761,2.580862801127118
9 app_app22,0.8556393427195524,0.8344283647512317,0.7238021791158761,2.580862801127118
2 app_app21,0.8556393427195524,0.8344283647512317,0.7238021791158761,2.580862801127118
9 app_app21,0.8556393427195524,0.8344283647512317,0.7238021791158761,2.580862801127118
2 app_app23,0.8556393427195524,0.8344283647512317,0.7238021791158761,2.580862801127118
9 app_app23,0.8556393427195524,0.8344283647512317,0.7238021791158761,2.580862801127118
2 app_app22,0.8556393427195524,0.8344283647512317,0.7238021791158761,2.580862801127118
9 app_app22,0.8556393427195524,0.8344283647512317,0.7238021791158761,2.580862801127118
2 app_app21,0.8556393427195524,0.8344283647512317,0.7238021791158761,2.580862801127118
9 app_app21,0.8556393427195524,0.8344283647512317,0.7238021791158761,2.580862801127118
2 app_app23,0.8556393427195524,0.8344283647512317,0.7238021791158761,2.580862801127118
9 app_app23,0.8556393427195524,0.8344283647512317,0.7238021791158761,2.580862801127118
2 app_app22,0.8577377461692982,0.8356778339366948,0.7266829972357646,2.5849877208270615
9 app_app22,0.8577377461692982,0.8356778339366948,0.7266829972357646,2.5849877208270615
2 app_app21,0.8577377461692982,0.8356778339366948,0.7266829972357646,2.5849877208270615
9 app_app21,0.8577377461692982,0.8356778339366948,0.7266829972357646,2.5849877208270615
2 app_app23,0.8577377461692982,0.8356778339366948,0.7266829972357646,2.5849877208270615
9 app_app23,0.8577377461692982,0.8356778339366948,0.7266829972357646,2.5849877208270615
2 app_app22,0.8556393427195524,0.8353273045250471,0.7243226521468777,2.580862801127118
9 app_app22,0.8556393427195524,0.8353273045250471,0.7243226521468777,2.580862801127118
2 app_app21,0.8556393427195524,0.8353273045250471,0.7243226521468777,2.580862801127118
9 app_app21,0.8556393427195524,0.8353273045250471,0.7243226521468777,2.580862801127118
2 app_app23,0.8556393427195524,0.8353273045250471,0.7243226521468777,2.580862801127118
9 app_app23,0.8556393427195524,0.8353273045250471,0.7243226521468777,2.580862801127118
2 app_app22,0.8577377461692982,0.835649080381153,0.726651812084271,2.5849877208270615
9 app_app22,0.8577377461692982,0.835649080381153,0.726651812084271,2.5849877208270615
2 app_app21,0.8577377461692982,0.835649080381153,0.726651812084271,2.5849877208270615
9 app_app21,0.8577377461692982,0.835649080381153,0.726651812084271,2.5849877208270615
2 app_app23,0.8577377461692982,0.835649080381153,0.726651812084271,2.5849877208270615
9 app_app23,0.8577377461692982,0.835649080381153,0.726651812084271,2.5849877208270615
2 app_app22,0.855277877159849,0.8353273045250471,0.7241960448033428,2.580862801127118
9 app_app22,0.855277877159849,0.8353273045250471,0.7241960448033428,2.580862801127118
2 app_app21,0.855277877159849,0.8353273045250471,0.7241960448033428,2.580862801127118
9 app_app21,0.855277877159849,0.8353273045250471,0.7241960448033428,2.580862801127118
2 app_app23,0.855277877159849,0.8353273045250471,0.7241960448033428,2.580862801127118
9 app_app23,0.855277877159849,0.8353273045250471,0.7241960448033428,2.580862801127118
2 app_app22,0.8556393427195524,0.8353273045250471,0.7243226521468777,2.580862801127118
9 app_app22,0.8556393427195524,0.8353273045250471,0.7243226521468777,2.580862801127118
2 app_app21,0.8556393427195524,0.8353273045250471,0.7243226521468777,2.580862801127118
9 app_app21,0.8556393427195524,0.8353273045250471,0.7243226521468777,2.580862801127118
2 app_app23,0.8556393427195524,0.8353273045250471,0.7243226521468777,2.580862801127118
9 app_app23,0.8556393427195524,0.8353273045250471,0.7243226521468777,2.580862801127118
2 app_app22,0.855277877159849,0.8347861296724914,0.7237803815040285,2.580862801127118
9 app_app22,0.855277877159849,0.8347861296724914,0.7237803815040285,2.580862801127118
2 app_app21,0.855277877159849,0.8347861296724914,0.7237803815040285,2.580862801127118
9 app_app21,0.855277877159849,0.8347861296724914,0.7237803815040285,2.580862801127118
2 app_app23,0.855277877159849,0.8347861296724914,0.7237803815040285,2.580862801127118
9 app_app23,0.855277877159849,0.8347861296724914,0.7237803815040285,2.580862801127118
2 app_app22,0.855277877159849,0.8353273045250471,0.7241960448033428,2.580862801127118
9 app_app22,0.855277877159849,0.8353273045250471,0.7241960448033428,2.580862801127118
2 app_app21,0.855277877159849,0.8353273045250471,0.7241960448033428,2.580862801127118
9 app_app21,0.855277877159849,0.8353273045250471,0.7241960448033428,2.580862801127118
2 app_app23,0.855277877159849,0.8353273045250471,0.7241960448033428,2.580862801127118
9 app_app23,0.855277877159849,0.8353273045250471,0.7241960448033428,2.580862801127118
2 app_app22,0.8556393427195524,0.8353273045250471,0.7243226521468777,2.580862801127118
9 app_app22,0.8556393427195524,0.8353273045250471,0.7243226521468777,2.580862801127118
2 app_app21,0.8556393427195524,0.8353273045250471,0.7243226521468777,2.580862801127118
9 app_app21,0.8556393427195524,0.8353273045250471,0.7243226521468777,2.580862801127118
2 app_app23,0.8556393427195524,0.8353273045250471,0.7243226521468777,2.580862801127118
9 app_app23,0.8556393427195524,0.8353273045250471,0.7243226521468777,2.580862801127118
2 app_app22,0.8556393427195524,0.8345567949876733,0.7239526967059391,2.580862801127118
9 app_app22,0.8556393427195524,0.8345567949876733,0.7239526967059391,2.580862801127118
2 app_app21,0.8556393427195524,0.8345567949876733,0.7239526967059391,2.580862801127118
9 app_app21,0.8556393427195524,0.8345567949876733,0.7239526967059391,2.580862801127118
2 app_app23,0.8556393427195524,0.8345567949876733,0.7239526967059391,2.580862801127118
9 app_app23,0.8556393427195524,0.8345567949876733,0.7239526967059391,2.580862801127118
2 app_app22,0.8577377461692982,0.835649080381153,0.726651812084271,2.5849877208270615
9 app_app22,0.8577377461692982,0.835649080381153,0.726651812084271,2.5849877208270615
2 app_app21,0.8577377461692982,0.835649080381153,0.726651812084271,2.5849877208270615
9 app_app21,0.8577377461692982,0.835649080381153,0.726651812084271,2.5849877208270615
2 app_app23,0.8577377461692982,0.835649080381153,0.726651812084271,2.5849877208270615
9 app_app23,0.8577377461692982,0.835649080381153,0.726651812084271,2.5849877208270615
2 app_app22,0.8577377461692982,0.835649080381153,0.726651812084271,2.5849877208270615
9 app_app22,0.8577377461692982,0.835649080381153,0.726651812084271,2.5849877208270615
2 app_app21,0.8577377461692982,0.835649080381153,0.726651812084271,2.5849877208270615
9 app_app21,0.8577377461692982,0.835649080381153,0.726651812084271,2.5849877208270615
2 app_app23,0.8577377461692982,0.835649080381153,0.726651812084271,2.5849877208270615
9 app_app23,0.8577377461692982,0.835649080381153,0.726651812084271,2.5849877208270615
2 app_app22,0.8556393427195524,0.8353273045250471,0.7243226521468777,2.580862801127118
9 app_app22,0.8556393427195524,0.8353273045250471,0.7243226521468777,2.580862801127118
2 app_app21,0.8556393427195524,0.8353273045250471,0.7243226521468777,2.580862801127118
9 app_app21,0.8556393427195524,0.8353273045250471,0.7243226521468777,2.580862801127118
2 app_app23,0.8556393427195524,0.8353273045250471,0.7243226521468777,2.580862801127118
9 app_app23,0.8556393427195524,0.8353273045250471,0.7243226521468777,2.580862801127118
2 app_app2,0.8566019756825085,0.8364118730964677,0.7264609766759266,2.585661599918219
9 app_app2,0.8566019756825085,0.8364118730964677,0.7264609766759266,2.585661599918219
2 app_app1,0.8566019756825085,0.8364118730964677,0.7264609766759266,2.585661599918219
9 app_app1,0.8566019756825085,0.8364118730964677,0.7264609766759266,2.585661599918219
2 app_app2,0.8572435713197399,0.8349378625836262,0.7257235461826808,2.585661599918219
9 app_app2,0.8572435713197399,0.8349378625836262,0.7257235461826808,2.585661599918219
2 app_app1,0.8572435713197399,0.8349378625836262,0.7257235461826808,2.585661599918219
9 app_app1,0.8572435713197399,0.8349378625836262,0.7257235461826808,2.585661599918219
2 app_app2,0.8561737122044045,0.8354455206202824,0.725172142467584,2.585661599918219
9 app_app2,0.8561737122044045,0.8354455206202824,0.725172142467584,2.585661599918219
2 app_app1,0.8561737122044045,0.8354455206202824,0.725172142467584,2.585661599918219
9 app_app1,0.8561737122044045,0.8354455206202824,0.725172142467584,2.585661599918219
2 app_app2,0.8572435713197399,0.8349378625836262,0.7257235461826808,2.585661599918219
9 app_app2,0.8572435713197399,0.8349378625836262,0.7257235461826808,2.585661599918219
2 app_app1,0.8572435713197399,0.8349378625836262,0.7257235461826808,2.585661599918219
9 app_app1,0.8572435713197399,0.8349378625836262,0.7257235461826808,2.585661599918219
"14 <smartthings_source, 102632.205>",0.8568394902675162,0.8366617477116229,0.7266180312798017,2.5826136146344574
2 app_app2,0.8568394902675162,0.8366617477116229,0.7266180312798017,2.5826136146344574
9 app_app2,0.8568394902675162,0.8366617477116229,0.7266180312798017,2.5826136146344574
2 app_app1,0.8568394902675162,0.8366617477116229,0.7266180312798017,2.5826136146344574
9 app_app1,0.8568394902675162,0.8366617477116229,0.7266180312798017,2.5826136146344574
2 app_app2,0.8568394902675162,0.8366617477116229,0.7266180312798017,2.5826136146344574
9 app_app2,0.8568394902675162,0.8366617477116229,0.7266180312798017,2.5826136146344574
2 app_app1,0.8568394902675162,0.8366617477116229,0.7266180312798017,2.5826136146344574
9 app_app1,0.8568394902675162,0.8366617477116229,0.7266180312798017,2.5826136146344574
"14 <smartthings_source, 102632.205>",0.8568394902675162,0.8366617477116229,0.7266180312798017,2.5826136146344574
2 app_app2,0.8568394902675162,0.8366617477116229,0.7266180312798017,2.5826136146344574
9 app_app2,0.8568394902675162,0.8366617477116229,0.7266180312798017,2.5826136146344574
2 app_app1,0.8568394902675162,0.8366617477116229,0.7266180312798017,2.5826136146344574
9 app_app1,0.8568394902675162,0.8366617477116229,0.7266180312798017,2.5826136146344574
2 app_app2,0.8566395718063443,0.8364986512558112,0.7263415222766184,2.5826136146344574
9 app_app2,0.8566395718063443,0.8364986512558112,0.7263415222766184,2.5826136146344574
2 app_app1,0.8566395718063443,0.8364986512558112,0.7263415222766184,2.5826136146344574
9 app_app1,0.8566395718063443,0.8364986512558112,0.7263415222766184,2.5826136146344574
2 app_app2,0.8568394902675162,0.8366617477116229,0.7266180312798017,2.5826136146344574
9 app_app2,0.8568394902675162,0.8366617477116229,0.7266180312798017,2.5826136146344574
2 app_app1,0.8568394902675162,0.8366617477116229,0.7266180312798017,2.5826136146344574
9 app_app1,0.8568394902675162,0.8366617477116229,0.7266180312798017,2.5826136146344574
"14 <smartthings_source, 102632.205>",0.8568394902675162,0.8366617477116229,0.7266180312798017,2.5826136146344574
2 app_app2,0.8568394902675162,0.8366617477116229,0.7266180312798017,2.5826136146344574
9 app_app2,0.8568394902675162,0.8366617477116229,0.7266180312798017,2.5826136146344574
2 app_app1,0.8568394902675162,0.8366617477116229,0.7266180312798017,2.5826136146344574
9 app_app1,0.8568394902675162,0.8366617477116229,0.7266180312798017,2.5826136146344574
2 app_app2,0.8555196877668987,0.8366617477116229,0.7257861907627774,2.5826136146344574
9 app_app2,0.8555196877668987,0.8366617477116229,0.7257861907627774,2.5826136146344574
2 app_app1,0.8555196877668987,0.8366617477116229,0.7257861907627774,2.5826136146344574
9 app_app1,0.8555196877668987,0.8366617477116229,0.7257861907627774,2.5826136146344574
"14 <smartthings_source, 102632.205>",0.8542749283520454,0.8366617477116229,0.7249325487003688,2.5826136146344574
2 app_app2,0.8542749283520454,0.8366617477116229,0.7249325487003688,2.5826136146344574
9 app_app2,0.8542749283520454,0.8366617477116229,0.7249325487003688,2.5826136146344574
2 app_app1,0.8542749283520454,0.8366617477116229,0.7249325487003688,2.5826136146344574
9 app_app1,0.8542749283520454,0.8366617477116229,0.7249325487003688,2.5826136146344574
2 app_app2,0.8542749283520454,0.8366617477116229,0.7249325487003688,2.5826136146344574
9 app_app2,0.8542749283520454,0.8366617477116229,0.7249325487003688,2.5826136146344574
2 app_app1,0.8542749283520454,0.8366617477116229,0.7249325487003688,2.5826136146344574
9 app_app1,0.8542749283520454,0.8366617477116229,0.7249325487003688,2.5826136146344574
2 app_app2,0.8568394902675162,0.8366617477116229,0.7266180312798017,2.5826136146344574
9 app_app2,0.8568394902675162,0.8366617477116229,0.7266180312798017,2.5826136146344574
2 app_app1,0.8568394902675162,0.8366617477116229,0.7266180312798017,2.5826136146344574
9 app_app1,0.8568394902675162,0.8366617477116229,0.7266180312798017,2.5826136146344574
"14 <smartthings_source, 102632.205>",0.8562709112201636,0.8350528113682392,0.7248539568925759,2.584967191858866
2 app_app2,0.8562709112201636,0.8350528113682392,0.7248539568925759,2.584967191858866
9 app_app2,0.8562709112201636,0.8350528113682392,0.7248539568925759,2.584967191858866
2 app_app1,0.8562709112201636,0.8350528113682392,0.7248539568925759,2.584967191858866
9 app_app1,0.8562709112201636,0.8350528113682392,0.7248539568925759,2.584967191858866
2 app_app2,0.8568394902675162,0.8366617477116229,0.7266180312798017,2.5826136146344574
9 app_app2,0.8568394902675162,0.8366617477116229,0.7266180312798017,2.5826136146344574
2 app_app1,0.8568394902675162,0.8366617477116229,0.7266180312798017,2.5826136146344574
9 app_app1,0.8568394902675162,0.8366617477116229,0.7266180312798017,2.5826136146344574
"14 <smartthings_source, 102632.205>",0.8568394902675162,0.8366617477116229,0.7266180312798017,2.5826136146344574
2 app_app2,0.8568394902675162,0.8366617477116229,0.7266180312798017,2.5826136146344574
9 app_app2,0.8568394902675162,0.8366617477116229,0.7266180312798017,2.5826136146344574
2 app_app1,0.8568394902675162,0.8366617477116229,0.7266180312798017,2.5826136146344574
9 app_app1,0.8568394902675162,0.8366617477116229,0.7266180312798017,2.5826136146344574
2 app_app2,0.8568394902675162,0.8366617477116229,0.7266180312798017,2.5826136146344574
9 app_app2,0.8568394902675162,0.8366617477116229,0.7266180312798017,2.5826136146344574
2 app_app1,0.8568394902675162,0.8366617477116229,0.7266180312798017,2.5826136146344574
9 app_app1,0.8568394902675162,0.8366617477116229,0.7266180312798017,2.5826136146344574
2 app_app2,0.8549816239055982,0.8366617477116229,0.7254406502421377,2.5826136146344574
9 app_app2,0.8549816239055982,0.8366617477116229,0.7254406502421377,2.5826136146344574
2 app_app1,0.8549816239055982,0.8366617477116229,0.7254406502421377,2.5826136146344574
9 app_app1,0.8549816239055982,0.8366617477116229,0.7254406502421377,2.5826136146344574
2 app_app2,0.8571003010105488,0.8353432176228018,0.725905593993744,2.584967191858866
9 app_app2,0.8571003010105488,0.8353432176228018,0.725905593993744,2.584967191858866
2 app_app1,0.8571003010105488,0.8353432176228018,0.725905593993744,2.584967191858866
9 app_app1,0.8571003010105488,0.8353432176228018,0.725905593993744,2.584967191858866
2 app_app2,0.8571003010105488,0.8351537434881919,0.7257536711800888,2.584967191858866
9 app_app2,0.8571003010105488,0.8351537434881919,0.7257536711800888,2.584967191858866
2 app_app1,0.8571003010105488,0.8351537434881919,0.7257536711800888,2.584967191858866
9 app_app1,0.8571003010105488,0.8351537434881919,0.7257536711800888,2.584967191858866
2 app_app2,0.8571003010105488,0.8351537434881919,0.7257536711800888,2.584967191858866
9 app_app2,0.8571003010105488,0.8351537434881919,0.7257536711800888,2.584967191858866
2 app_app1,0.8571003010105488,0.8351537434881919,0.7257536711800888,2.584967191858866
9 app_app1,0.8571003010105488,0.8351537434881919,0.7257536711800888,2.584967191858866
2 app_app2,0.8568394902675162,0.8366617477116229,0.7266180312798017,2.5826136146344574
9 app_app2,0.8568394902675162,0.8366617477116229,0.7266180312798017,2.5826136146344574
2 app_app1,0.8568394902675162,0.8366617477116229,0.7266180312798017,2.5826136146344574
9 app_app1,0.8568394902675162,0.8366617477116229,0.7266180312798017,2.5826136146344574
2 app_app2,0.8568394902675162,0.8366617477116229,0.7266180312798017,2.5826136146344574
9 app_app2,0.8568394902675162,0.8366617477116229,0.7266180312798017,2.5826136146344574
2 app_app1,0.8568394902675162,0.8366617477116229,0.7266180312798017,2.5826136146344574
9 app_app1,0.8568394902675162,0.8366617477116229,0.7266180312798017,2.5826136146344574
2 app_app2,0.8567492683385856,0.8353112376698874,0.7255572588908369,2.584967191858866
9 app_app2,0.8567492683385856,0.8353112376698874,0.7255572588908369,2.584967191858866
2 app_app1,0.8567492683385856,0.8353112376698874,0.7255572588908369,2.584967191858866
9 app_app1,0.8567492683385856,0.8353112376698874,0.7255572588908369,2.584967191858866
2 app_app2,0.8567492683385856,0.8354071775286308,0.7256431015975203,2.584967191858866
9 app_app2,0.8567492683385856,0.8354071775286308,0.7256431015975203,2.584967191858866
2 app_app1,0.8567492683385856,0.8354071775286308,0.7256431015975203,2.584967191858866
9 app_app1,0.8567492683385856,0.8354071775286308,0.7256431015975203,2.584967191858866
2 app_app2,0.8562709112201636,0.8353432176228018,0.7251443631471387,2.584967191858866
9 app_app2,0.8562709112201636,0.8353432176228018,0.7251443631471387,2.584967191858866
2 app_app1,0.8562709112201636,0.8353432176228018,0.7251443631471387,2.584967191858866
9 app_app1,0.8562709112201636,0.8353432176228018,0.7251443631471387,2.584967191858866
"14 <smartthings_source, 102632.205>",0.8568394902675162,0.8366617477116229,0.7266180312798017,2.5826136146344574
2 app_app2,0.8568394902675162,0.8366617477116229,0.7266180312798017,2.5826136146344574
9 app_app2,0.8568394902675162,0.8366617477116229,0.7266180312798017,2.5826136146344574
2 app_app1,0.8568394902675162,0.8366617477116229,0.7266180312798017,2.5826136146344574
9 app_app1,0.8568394902675162,0.8366617477116229,0.7266180312798017,2.5826136146344574
2 app_app2,0.8571003010105488,0.8351537434881919,0.7257536711800888,2.584967191858866
9 app_app2,0.8571003010105488,0.8351537434881919,0.7257536711800888,2.584967191858866
2 app_app1,0.8571003010105488,0.8351537434881919,0.7257536711800888,2.584967191858866
9 app_app1,0.8571003010105488,0.8351537434881919,0.7257536711800888,2.584967191858866
"14 <smartthings_source, 102632.205>",0.8562709112201636,0.8350528113682392,0.7248539568925759,2.584967191858866
2 app_app2,0.8562709112201636,0.8350528113682392,0.7248539568925759,2.584967191858866
9 app_app2,0.8562709112201636,0.8350528113682392,0.7248539568925759,2.584967191858866
2 app_app1,0.8562709112201636,0.8350528113682392,0.7248539568925759,2.584967191858866
9 app_app1,0.8562709112201636,0.8350528113682392,0.7248539568925759,2.584967191858866
"14 <smartthings_source, 102632.205>",0.8568394902675162,0.8366617477116229,0.7266180312798017,2.5826136146344574
2 app_app2,0.8568394902675162,0.8366617477116229,0.7266180312798017,2.5826136146344574
9 app_app2,0.8568394902675162,0.8366617477116229,0.7266180312798017,2.5826136146344574
2 app_app1,0.8568394902675162,0.8366617477116229,0.7266180312798017,2.5826136146344574
9 app_app1,0.8568394902675162,0.8366617477116229,0.7266180312798017,2.5826136146344574
"14 <smartthings_source, 102632.205>",0.8568394902675162,0.8366617477116229,0.7266180312798017,2.5826136146344574
2 app_app2,0.8568394902675162,0.8366617477116229,0.7266180312798017,2.5826136146344574
9 app_app2,0.8568394902675162,0.8366617477116229,0.7266180312798017,2.5826136146344574
2 app_app1,0.8568394902675162,0.8366617477116229,0.7266180312798017,2.5826136146344574
9 app_app1,0.8568394902675162,0.8366617477116229,0.7266180312798017,2.5826136146344574
"14 <smartthings_source, 102632.205>",0.8568394902675162,0.8366617477116229,0.7266180312798017,2.5826136146344574
2 app_app2,0.8568394902675162,0.8366617477116229,0.7266180312798017,2.5826136146344574
9 app_app2,0.8568394902675162,0.8366617477116229,0.7266180312798017,2.5826136146344574
2 app_app1,0.8568394902675162,0.8366617477116229,0.7266180312798017,2.5826136146344574
9 app_app1,0.8568394902675162,0.8366617477116229,0.7266180312798017,2.5826136146344574
"14 <smartthings_source, 102632.205>",0.8568394902675162,0.8366617477116229,0.7266180312798017,2.5826136146344574
2 app_app2,0.8568394902675162,0.8366617477116229,0.7266180312798017,2.5826136146344574
9 app_app2,0.8568394902675162,0.8366617477116229,0.7266180312798017,2.5826136146344574
2 app_app1,0.8568394902675162,0.8366617477116229,0.7266180312798017,2.5826136146344574
9 app_app1,0.8568394902675162,0.8366617477116229,0.7266180312798017,2.5826136146344574
"14 <smartthings_source, 102632.205>",0.8568394902675162,0.8366617477116229,0.7266180312798017,2.5826136146344574
2 app_app2,0.8568394902675162,0.8366617477116229,0.7266180312798017,2.5826136146344574
9 app_app2,0.8568394902675162,0.8366617477116229,0.7266180312798017,2.5826136146344574
2 app_app1,0.8568394902675162,0.8366617477116229,0.7266180312798017,2.5826136146344574
9 app_app1,0.8568394902675162,0.8366617477116229,0.7266180312798017,2.5826136146344574
"14 <smartthings_source, 102632.205>",0.8568394902675162,0.8366617477116229,0.7266180312798017,2.5826136146344574
2 app_app2,0.8568394902675162,0.8366617477116229,0.7266180312798017,2.5826136146344574
9 app_app2,0.8568394902675162,0.8366617477116229,0.7266180312798017,2.5826136146344574
2 app_app1,0.8568394902675162,0.8366617477116229,0.7266180312798017,2.5826136146344574
9 app_app1,0.8568394902675162,0.8366617477116229,0.7266180312798017,2.5826136146344574
"14 <smartthings_source, 102632.205>",0.8568394902675162,0.8366617477116229,0.7266180312798017,2.5826136146344574
2 app_app2,0.8568394902675162,0.8366617477116229,0.7266180312798017,2.5826136146344574
9 app_app2,0.8568394902675162,0.8366617477116229,0.7266180312798017,2.5826136146344574
2 app_app1,0.8568394902675162,0.8366617477116229,0.7266180312798017,2.5826136146344574
9 app_app1,0.8568394902675162,0.8366617477116229,0.7266180312798017,2.5826136146344574
"14 <smartthings_source, 102632.205>",0.8568394902675162,0.8366617477116229,0.7266180312798017,2.5826136146344574
2 app_app2,0.8568394902675162,0.8366617477116229,0.7266180312798017,2.5826136146344574
9 app_app2,0.8568394902675162,0.8366617477116229,0.7266180312798017,2.5826136146344574
2 app_app1,0.8568394902675162,0.8366617477116229,0.7266180312798017,2.5826136146344574
9 app_app1,0.8568394902675162,0.8366617477116229,0.7266180312798017,2.5826136146344574
"14 <smartthings_source, 102632.205>",0.8568394902675162,0.8366617477116229,0.7266180312798017,2.5826136146344574
2 app_app2,0.8568394902675162,0.8366617477116229,0.7266180312798017,2.5826136146344574
9 app_app2,0.8568394902675162,0.8366617477116229,0.7266180312798017,2.5826136146344574
2 app_app1,0.8568394902675162,0.8366617477116229,0.7266180312798017,2.5826136146344574
9 app_app1,0.8568394902675162,0.8366617477116229,0.7266180312798017,2.5826136146344574
"14 <smartthings_source, 102632.205>",0.8568394902675162,0.8366617477116229,0.7266180312798017,2.5826136146344574
2 app_app2,0.8568394902675162,0.8366617477116229,0.7266180312798017,2.5826136146344574
9 app_app2,0.8568394902675162,0.8366617477116229,0.7266180312798017,2.5826136146344574
2 app_app1,0.8568394902675162,0.8366617477116229,0.7266180312798017,2.5826136146344574
9 app_app1,0.8568394902675162,0.8366617477116229,0.7266180312798017,2.5826136146344574
2 app_app2,0.8562709112201636,0.8350528113682392,0.7248539568925759,2.584967191858866
9 app_app2,0.8562709112201636,0.8350528113682392,0.7248539568925759,2.584967191858866
2 app_app1,0.8562709112201636,0.8350528113682392,0.7248539568925759,2.584967191858866
9 app_app1,0.8562709112201636,0.8350528113682392,0.7248539568925759,2.584967191858866
"14 <smartthings_source, 102632.205>",0.8562709112201636,0.8350528113682392,0.7248539568925759,2.584967191858866
2 app_app2,0.8562709112201636,0.8350528113682392,0.7248539568925759,2.584967191858866
9 app_app2,0.8562709112201636,0.8350528113682392,0.7248539568925759,2.584967191858866
2 app_app1,0.8562709112201636,0.8350528113682392,0.7248539568925759,2.584967191858866
9 app_app1,0.8562709112201636,0.8350528113682392,0.7248539568925759,2.584967191858866
"14 <smartthings_source, 102632.205>",0.8562709112201636,0.8350528113682392,0.7248539568925759,2.584967191858866
2 app_app2,0.8562709112201636,0.8350528113682392,0.7248539568925759,2.584967191858866
9 app_app2,0.8562709112201636,0.8350528113682392,0.7248539568925759,2.584967191858866
2 app_app1,0.8562709112201636,0.8350528113682392,0.7248539568925759,2.584967191858866
9 app_app1,0.8562709112201636,0.8350528113682392,0.7248539568925759,2.584967191858866
"14 <smartthings_source, 102632.205>",0.8562709112201636,0.8350528113682392,0.7248539568925759,2.584967191858866
2 app_app2,0.8562709112201636,0.8350528113682392,0.7248539568925759,2.584967191858866
9 app_app2,0.8562709112201636,0.8350528113682392,0.7248539568925759,2.584967191858866
2 app_app1,0.8562709112201636,0.8350528113682392,0.7248539568925759,2.584967191858866
9 app_app1,0.8562709112201636,0.8350528113682392,0.7248539568925759,2.584967191858866
2 app_app2,0.8571003010105488,0.8361807807710991,0.7264807940643717,2.584967191858866
9 app_app2,0.8571003010105488,0.8361807807710991,0.7264807940643717,2.584967191858866
2 app_app1,0.8571003010105488,0.8361807807710991,0.7264807940643717,2.584967191858866
9 app_app1,0.8571003010105488,0.8361807807710991,0.7264807940643717,2.584967191858866
2 app_app2,0.8565835309680233,0.8361807807710991,0.7261891931333808,2.584967191858866
9 app_app2,0.8565835309680233,0.8361807807710991,0.7261891931333808,2.584967191858866
2 app_app1,0.8565835309680233,0.8361807807710991,0.7261891931333808,2.584967191858866
9 app_app1,0.8565835309680233,0.8361807807710991,0.7261891931333808,2.584967191858866
2 app_app2,0.8571003010105488,0.8361807807710991,0.7264807940643717,2.584967191858866
9 app_app2,0.8571003010105488,0.8361807807710991,0.7264807940643717,2.584967191858866
2 app_app1,0.8571003010105488,0.8361807807710991,0.7264807940643717,2.584967191858866
9 app_app1,0.8571003010105488,0.8361807807710991,0.7264807940643717,2.584967191858866
2 app_app2,0.8571003010105488,0.8361807807710991,0.7264807940643717,2.584967191858866
9 app_app2,0.8571003010105488,0.8361807807710991,0.7264807940643717,2.584967191858866
2 app_app1,0.8571003010105488,0.8361807807710991,0.7264807940643717,2.584967191858866
9 app_app1,0.8571003010105488,0.8361807807710991,0.7264807940643717,2.584967191858866
2 app_app2,0.8571003010105488,0.8350537737176016,0.725670821449032,2.584967191858866
9 app_app2,0.8571003010105488,0.8350537737176016,0.725670821449032,2.584967191858866
2 app_app1,0.8571003010105488,0.8350537737176016,0.725670821449032,2.584967191858866
9 app_app1,0.8571003010105488,0.8350537737176016,0.725670821449032,2.584967191858866
2 app_app2,0.8569027743442316,0.8332010956252588,0.7237369085650541,2.579556357840985
9 app_app2,0.8569027743442316,0.8332010956252588,0.7237369085650541,2.579556357840985
2 app_app1,0.8569027743442316,0.8332010956252588,0.7237369085650541,2.579556357840985
9 app_app1,0.8569027743442316,0.8332010956252588,0.7237369085650541,2.579556357840985
2 app_app2,0.8569027743442316,0.8332010956252588,0.7237369085650541,2.579556357840985
9 app_app2,0.8569027743442316,0.8332010956252588,0.7237369085650541,2.579556357840985
2 app_app1,0.8569027743442316,0.8332010956252588,0.7237369085650541,2.579556357840985
9 app_app1,0.8569027743442316,0.8332010956252588,0.7237369085650541,2.579556357840985
2 app_app2,0.8569027743442316,0.8332010956252588,0.7237369085650541,2.579556357840985
9 app_app2,0.8569027743442316,0.8332010956252588,0.7237369085650541,2.579556357840985
2 app_app1,0.8569027743442316,0.8332010956252588,0.7237369085650541,2.579556357840985
9 app_app1,0.8569027743442316,0.8332010956252588,0.7237369085650541,2.579556357840985
2 app_app2,0.8569027743442316,0.8332010956252588,0.7237369085650541,2.579556357840985
9 app_app2,0.8569027743442316,0.8332010956252588,0.7237369085650541,2.579556357840985
2 app_app1,0.8569027743442316,0.8332010956252588,0.7237369085650541,2.579556357840985
9 app_app1,0.8569027743442316,0.8332010956252588,0.7237369085650541,2.579556357840985
2 app_app2,0.8569027743442316,0.8332010956252588,0.7237369085650541,2.579556357840985
9 app_app2,0.8569027743442316,0.8332010956252588,0.7237369085650541,2.579556357840985
2 app_app1,0.8569027743442316,0.8332010956252588,0.7237369085650541,2.579556357840985
9 app_app1,0.8569027743442316,0.8332010956252588,0.7237369085650541,2.579556357840985
2 app_app2,0.8569027743442316,0.8332010956252588,0.7237369085650541,2.579556357840985
9 app_app2,0.8569027743442316,0.8332010956252588,0.7237369085650541,2.579556357840985
2 app_app1,0.8569027743442316,0.8332010956252588,0.7237369085650541,2.579556357840985
9 app_app1,0.8569027743442316,0.8332010956252588,0.7237369085650541,2.579556357840985
2 app_app2,0.8569027743442316,0.8332010956252588,0.7237369085650541,2.579556357840985
9 app_app2,0.8569027743442316,0.8332010956252588,0.7237369085650541,2.579556357840985
2 app_app1,0.8569027743442316,0.8332010956252588,0.7237369085650541,2.579556357840985
9 app_app1,0.8569027743442316,0.8332010956252588,0.7237369085650541,2.579556357840985
2 app_app2,0.8569027743442316,0.8332010956252588,0.7237369085650541,2.579556357840985
9 app_app2,0.8569027743442316,0.8332010956252588,0.7237369085650541,2.579556357840985
2 app_app1,0.8569027743442316,0.8332010956252588,0.7237369085650541,2.579556357840985
9 app_app1,0.8569027743442316,0.8332010956252588,0.7237369085650541,2.579556357840985
2 app_app2,0.8552404684813107,0.8330399691838415,0.7223131572306432,2.579556357840985
9 app_app2,0.8552404684813107,0.8330399691838415,0.7223131572306432,2.579556357840985
2 app_app1,0.8552404684813107,0.8330399691838415,0.7223131572306432,2.579556357840985
9 app_app1,0.8552404684813107,0.8330399691838415,0.7223131572306432,2.579556357840985
2 app_app2,0.8569027743442316,0.8332010956252588,0.7237369085650541,2.579556357840985
9 app_app2,0.8569027743442316,0.8332010956252588,0.7237369085650541,2.579556357840985
2 app_app1,0.8569027743442316,0.8332010956252588,0.7237369085650541,2.579556357840985
9 app_app1,0.8569027743442316,0.8332010956252588,0.7237369085650541,2.579556357840985
2 app_app2,0.8535235546650655,0.8332010956252588,0.7210424079709183,2.579556357840985
9 app_app2,0.8535235546650655,0.8332010956252588,0.7210424079709183,2.579556357840985
2 app_app1,0.8535235546650655,0.8332010956252588,0.7210424079709183,2.579556357840985
9 app_app1,0.8535235546650655,0.8332010956252588,0.7210424079709183,2.579556357840985
2 app_app12,0.8565797176118524,0.8353864088697648,0.7254243200405531,2.5836319582212672
9 app_app12,0.8565797176118524,0.8353864088697648,0.7254243200405531,2.5836319582212672
2 app_app11,0.8565797176118524,0.8353864088697648,0.7254243200405531,2.5836319582212672
9 app_app11,0.8565797176118524,0.8353864088697648,0.7254243200405531,2.5836319582212672
2 app_app12,0.8566496866143778,0.8353864088697648,0.7254942890430787,2.5836319582212672
9 app_app12,0.8566496866143778,0.8353864088697648,0.7254942890430787,2.5836319582212672
2 app_app11,0.8566496866143778,0.8353864088697648,0.7254942890430787,2.5836319582212672
9 app_app11,0.8566496866143778,0.8353864088697648,0.7254942890430787,2.5836319582212672
2 app_app12,0.8558656866287657,0.8357150883706624,0.7252086415243367,2.5836578329208115
9 app_app12,0.8558656866287657,0.8357150883706624,0.7252086415243367,2.5836578329208115
2 app_app11,0.8558656866287657,0.8357150883706624,0.7252086415243367,2.5836578329208115
9 app_app11,0.8558656866287657,0.8357150883706624,0.7252086415243367,2.5836578329208115
2 app_app12,0.8566580380053016,0.835017364232172,0.7251991468758175,2.5836578329208115
9 app_app12,0.8566580380053016,0.835017364232172,0.7251991468758175,2.5836578329208115
2 app_app11,0.8566580380053016,0.835017364232172,0.7251991468758175,2.5836578329208115
9 app_app11,0.8566580380053016,0.835017364232172,0.7251991468758175,2.5836578329208115
